14.6,73.4,89.4,16.7,0,0,1,0,80.91399999999999,110.02,114.82000000000001,82.15299999999999,586.8879198201148,2953.3025024895296,3587.638849154412,672.2538402067654,15.0,14.8,17.7,14.7,14645.45703125,14239.8984375,15322.55078125,14894.92578125,2643.9177742304378,0.0,0.0,0.0,0.0,0.0,0.0,0.0,0.0,0.0,0.0,0.0,0.0,0.0,0.0,0,0,0,0,0,23.881887205937428,0.0,0.0,0.0,0.0,0.0,0.0,0.0,0.0,0.0,0.0,0.0,0.0,0.0,0.0,0,0,0,0,0,1320.96,0.0,0.0,0.0,0.0,0.0,0.0,0.0,0.0,0.0,0.0,0.0,0.0,0.0,0.0,0,0,0,0,0,2,-1,-1,-1,-1,-1,-1,-1,-1,-1,-1,-1,-1,-1,-1,-1,-1,-1,-1,-1,104957.1,0.0
49.6,0.2,49.1,0.2,2,0,1,0,99.796,75.25999999999999,99.541,75.25999999999999,1993.8110152792945,8.047145783350217,1970.3922538420766,8.050944194093,22.7,14.7,17.6,14.8,14664.23828125,14239.90625,15322.55859375,14894.9296875,0.0,2319.9667040986915,2017.7085728227144,0.0,0.0,0.0,0.0,0.0,0.0,0.0,0.0,0.0,0.0,0.0,0.0,0,0,0,0,0,0.0,39.939858796321595,121.33916930749133,0.0,0.0,0.0,0.0,0.0,0.0,0.0,0.0,0.0,0.0,0.0,0.0,0,0,0,0,0,0.0,1320.96,767.0,0.0,0.0,0.0,0.0,0.0,0.0,0.0,0.0,0.0,0.0,0.0,0.0,0,0,0,0,0,0,2,0,-1,-1,-1,-1,-1,-1,-1,-1,-1,-1,-1,-1,-1,-1,-1,-1,-1,106656.3,-63792539014.819405
11.299999999999999,53.2,49.4,0.2,0,2,1,0,78.967,101.6,99.69399999999999,75.25999999999999,454.23517081967793,2140.5407783711576,1982.4313103828629,8.050944194093,15.3,18.6,17.9,14.8,14663.4453125,15111.3984375,15322.85546875,14894.9375,2009.2597441522375,2249.9466934240286,0.0,0.0,0.0,0.0,0.0,0.0,0.0,0.0,0.0,0.0,0.0,0.0,0.0,0,0,0,0,0,109.30446738126224,42.232738709616534,0.0,0.0,0.0,0.0,0.0,0.0,0.0,0.0,0.0,0.0,0.0,0.0,0.0,0,0,0,0,0,1198.08,1320.96,0.0,0.0,0.0,0.0,0.0,0.0,0.0,0.0,0.0,0.0,0.0,0.0,0.0,0,0,0,0,0,1,2,1,-1,-1,-1,-1,-1,-1,-1,-1,-1,-1,-1,-1,-1,-1,-1,-1,-1,109649.1,-63792539327.827576
0.20000000000000004,98.3,46.7,0.2,0,2,1,0,75.26,116.66,98.31700000000001,75.25999999999999,8.039560545481027,3955.1721525166313,1874.0798015157834,8.050944194093,15.4,22.1,16.5,14.8,14663.45703125,15111.453125,15323.09765625,14894.94140625,3286.7990144180135,0.0,3353.1932590241795,0.0,0.0,0.0,0.0,0.0,0.0,0.0,0.0,0.0,0.0,0.0,0.0,0,0,0,0,0,104.13669372063221,0.0,96.34401915301551,0.0,0.0,0.0,0.0,0.0,0.0,0.0,0.0,0.0,0.0,0.0,0.0,0,0,0,0,0,1198.08,0.0,1198.08,0.0,0.0,0.0,0.0,0.0,0.0,0.0,0.0,0.0,0.0,0.0,0.0,0,0,0,0,0,1,2,1,-1,-1,-1,-1,-1,-1,-1,-1,-1,-1,-1,-1,-1,-1,-1,-1,-1,119565.6,296.276976
50.4,50.4,45.2,51.2,1,1,1,2,100.2,100.2,97.55199999999999,100.6,2025.9692574612186,2027.8807374042544,1813.8845188118503,2061.041713687808,17.0,19.0,36.9,17.8,14665.09765625,15111.33203125,15321.83203125,14993.48828125,2269.232149945224,2238.1980300742803,0.0,1992.7251955631075,2208.4707046865396,0.0,0.0,0.0,0.0,0.0,0.0,0.0,0.0,0.0,0.0,0,0,0,0,0,107.35141611118286,744.1274190840537,0.0,95.6525439808629,47.53726791373196,0.0,0.0,0.0,0.0,0.0,0.0,0.0,0.0,0.0,0.0,0,0,0,0,0,1198.08,767.0,0.0,1198.08,1320.96,0.0,0.0,0.0,0.0,0.0,0.0,0.0,0.0,0.0,0.0,0,0,0,0,0,1,2,3,3,0,-1,-1,-1,-1,-1,-1,-1,-1,-1,-1,-1,-1,-1,-1,-1,122460.3,-63792539981.30479
52.300000000000004,43.3,99.2,37.6,2,1,2,1,101.15,96.583,116.83999999999999,93.628,2102.345082643288,1742.2070620953216,3980.914696153441,1513.577508489484,23.4,15.6,37.4,15.5,14665.83984375,15111.34765625,15322.08203125,14993.40234375,0.0,3229.180932230549,3254.53135268723,0.0,0.0,2001.1557078073104,0.0,0.0,0.0,0.0,0.0,0.0,0.0,0.0,0.0,0,0,0,0,0,0.0,624.5500208119956,107.51927170929565,0.0,0.0,131.09270735026774,0.0,0.0,0.0,0.0,0.0,0.0,0.0,0.0,0.0,0,0,0,0,0,0.0,767.0,1198.08,0.0,0.0,767.0,0.0,0.0,0.0,0.0,0.0,0.0,0.0,0.0,0.0,0,0,0,0,0,1,2,2,3,0,0,-1,-1,-1,-1,-1,-1,-1,-1,-1,-1,-1,-1,-1,-1,121289.4,170.84931833333334
96.1,41.8,100.0,0.2,3,1,2,0,116.22,95.818,117.0,75.25999999999999,3863.0088421036326,1681.8534687201952,4013.0188469288723,8.050944194093,25.4,18.9,32.4,14.9,14665.8046875,15111.2734375,15322.1640625,14993.1796875,2251.584720940737,3191.667326739473,3381.2014925185613,2554.181779075395,2868.0945048431186,1697.1338578567925,0.0,0.0,0.0,0.0,0.0,0.0,0.0,0.0,0.0,0,0,0,0,0,97.16430068644884,439.56890658046495,103.23428147950938,22.92882191073185,105.05853392010965,90.70360708502626,0.0,0.0,0.0,0.0,0.0,0.0,0.0,0.0,0.0,0,0,0,0,0,1198.08,767.0,1198.08,1320.96,1198.08,767.0,0.0,0.0,0.0,0.0,0.0,0.0,0.0,0.0,0.0,0,0,0,0,0,1,2,2,0,0,0,-1,-1,-1,-1,-1,-1,-1,-1,-1,-1,-1,-1,-1,-1,123348.0,0.0
100.0,4.7,100.0,51.1,3,0,2,2,117.0,76.61000000000001,117.0,100.55000000000001,4019.780272740513,189.1079259087301,4013.0188469288723,2057.0162415907616,38.5,15.0,20.7,18.8,14666.19140625,15111.140625,15322.3125,15068.984375,0.0,1997.7345604869263,1992.9340769640457,2084.83511417444,1664.7152620178636,1778.8977430747427,2005.9987720867732,0.0,0.0,0.0,0.0,0.0,0.0,0.0,0.0,0,0,0,0,0,0.0,813.480200788571,103.9451914355906,28.475487517757273,104.97650576676635,631.8081797681373,81.89135840243347,0.0,0.0,0.0,0.0,0.0,0.0,0.0,0.0,0,0,0,0,0,0.0,767.0,1198.08,1320.96,1198.08,767.0,1198.08,0.0,0.0,0.0,0.0,0.0,0.0,0.0,0.0,0,0,0,0,0,3,2,2,0,0,0,3,-1,-1,-1,-1,-1,-1,-1,-1,-1,-1,-1,-1,-1,124206.0,-63792541065.04803
100.0,1.4,100.0,58.8,5,1,2,2,117.0,75.61999999999999,117.0,104.4,4019.780272740513,56.330020483451506,4013.0188469288723,2366.977593063342,42.7,15.5,39.5,16.0,14666.37890625,15364.7109375,15322.15234375,15070.578125,3284.4398601806665,0.0,3199.609992946032,949.0182013304795,2829.7866456690326,1337.578320241985,0.0,0.0,1286.7559235154376,1336.038120187743,0.0,0.0,0.0,0.0,0.0,0,0,0,0,0,641.5649865740276,0.0,104.82406363404267,31.928482163257605,102.2734828089765,661.6273665597092,0.0,0.0,94.33237634483378,94.70345608614883,0.0,0.0,0.0,0.0,0.0,0,0,0,0,0,768.0,0.0,1198.08,1320.96,1198.08,767.0,0.0,0.0,1198.08,1198.08,0.0,0.0,0.0,0.0,0.0,0,0,0,0,0,2,1,2,0,0,0,3,3,0,0,-1,-1,-1,-1,-1,-1,-1,-1,-1,-1,120127.5,-21264180436.336147
100.0,50.7,17.5,50.9,6,3,0,2,117.0,100.35,82.625,100.45,4019.780272740513,2039.95145607928,702.2782982125526,2048.9652973966686,38.0,19.6,15.8,19.5,14668.7734375,16226.80078125,15321.4609375,15165.859375,0.0,2262.8595258675396,0.0,1107.9893842337758,1285.3992926583292,1287.4117857671708,997.2567253196073,1129.8477705172977,1087.771092101071,0.0,2284.2305617545153,0.0,0.0,0.0,0.0,0,0,0,0,0,0.0,102.7734639341168,0.0,39.443823450523034,100.33605594905775,272.92719668597204,22.260878376364705,92.8324329694128,84.35228435472814,0.0,96.42595151550071,0.0,0.0,0.0,0.0,0,0,0,0,0,0.0,1198.08,0.0,1320.96,1198.08,767.0,1320.96,1198.08,1198.08,0.0,1198.08,0.0,0.0,0.0,0.0,0,0,0,0,0,1,1,1,0,0,0,0,0,0,3,3,-1,-1,-1,-1,-1,-1,-1,-1,-1,115422.0,-63792542069.748535
100.0,98.1,0.6,1.7999999999999998,6,3,1,0,117.0,116.62,75.38,75.74000000000001,4019.780272740513,3947.1250067332808,24.078113081573232,72.458497746837,49.8,21.0,16.0,15.4,14668.61328125,16324.5703125,15418.07421875,15165.53515625,1146.8943924353584,3277.884031095211,3334.285523689102,1020.5563922892029,0.0,1050.9265472434618,1236.8356879723895,1498.1399195090153,1091.686671102397,0.0,0.0,0.0,0.0,0.0,0.0,0,0,0,0,0,92.8207146617923,103.39453423800204,46.271690690720526,40.228950061094935,0.0,854.9911606051876,38.54932596882668,97.7267794522317,19.839094801466278,0.0,0.0,0.0,0.0,0.0,0.0,0,0,0,0,0,1198.08,1198.08,1320.96,1320.96,0.0,767.0,1320.96,1198.08,1198.08,0.0,0.0,0.0,0.0,0.0,0.0,0,0,0,0,0,0,1,1,0,1,0,0,0,0,-1,2,-1,-1,-1,-1,-1,-1,-1,-1,-1,115347.0,-63792542641.02712
100.0,100.0,0.2,0.1,6,3,0,0,117.0,117.0,75.25999999999999,75.23,4019.780272740513,4023.572891675108,8.026037693857745,4.0254720970465,37.2,20.9,16.0,15.5,14669.14453125,16324.78125,15417.9609375,15165.5390625,1121.2463757505363,0.0,3304.537442940984,1385.8095949103724,3345.261119400712,1655.8279422370967,1058.9319623994836,1051.3489060406575,790.8373006390003,0.0,0.0,0.0,0.0,0.0,0.0,0,0,0,0,0,95.2268738265301,0.0,59.58368814758153,19.378174701727545,94.14878952544628,222.48378848236192,16.315790310243088,94.46908993373931,92.52385086874024,0.0,0.0,0.0,0.0,0.0,0.0,0,0,0,0,0,1198.08,0.0,1320.96,1320.96,1198.08,767.0,1320.96,1198.08,1198.08,0.0,0.0,0.0,0.0,0.0,0.0,0,0,0,0,0,0,1,1,0,1,0,0,0,0,-1,-1,-1,-1,-1,-1,-1,-1,-1,-1,-1,122340.6,-1.9328049999999732
100.0,100.0,47.20000000000001,0.1,5,4,2,0,117.0,117.0,98.572,75.23,4019.780272740513,4023.572891675108,1894.144895750428,4.0254720970465,36.5,22.1,16.4,15.4,14667.95703125,16326.75,15444.19140625,15165.54296875,0.0,0.0,967.5564333107571,1259.2388822488144,1007.4338049398933,1079.9726129350947,1153.8119930089858,1498.6586121792684,1088.946986562609,1710.2545491220726,870.0429715516494,0.0,0.0,0.0,0.0,0,0,0,0,0,0.0,0.0,32.533928056982205,39.10789863206938,95.24249823669074,344.71354916900947,9.573857325929088,97.57053535062536,92.72696820082851,22.88976088533026,5.398233710499389,0.0,0.0,0.0,0.0,0,0,0,0,0,0.0,0.0,1320.96,1320.96,1198.08,767.0,1320.96,1198.08,1198.08,1320.96,1320.96,0.0,0.0,0.0,0.0,0,0,0,0,0,2,2,1,0,1,0,0,0,0,1,1,-1,-1,-1,-1,-1,-1,-1,-1,-1,122952.0,-31896271725.701862
100.0,100.0,51.1,0.3,4,3,3,1,117.0,117.0,100.55000000000001,75.29,4019.780272740513,4023.572891675108,2050.652630780654,12.076416291139498,42.9,22.4,20.3,15.8,14665.35546875,16327.51171875,15487.4765625,15186.67578125,2014.447852943847,1671.1012183035937,1827.9262162005386,0.0,2263.1699001551115,1685.9507280155574,0.0,1503.0241121099184,1104.790134115964,2344.8934249201448,0.0,0.0,0.0,0.0,0.0,0,0,0,0,0,94.94163402478166,68.9817708592035,35.287730347794124,0.0,97.25804714741265,665.0178635645668,0.0,95.42217895353804,96.51979376732264,10.710533165115287,0.0,0.0,0.0,0.0,0.0,0,0,0,0,0,1198.08,1198.08,1320.96,0.0,1198.08,767.0,0.0,1198.08,1198.08,1320.96,0.0,0.0,0.0,0.0,0.0,0,0,0,0,0,2,0,1,2,1,0,3,0,0,1,2,-1,-1,-1,-1,-1,-1,-1,-1,-1,122479.8,-63792544146.62527
99.5,61.9,42.6,29.600000000000005,2,2,1,4,116.9,105.75999999999999,96.226,89.38,3999.68137137681,2490.591619946892,1709.5460287916999,1191.5397407257642,21.7,20.1,17.2,16.7,14664.0390625,16325.0,15487.265625,16158.94140625,0.0,0.0,0.0,0.0,2250.7116270273527,0.0,0.0,3283.4473705405007,3369.165038781368,0.0,0.0,0.0,0.0,0.0,0.0,0,0,0,0,0,0.0,0.0,0.0,0.0,92.65665835510565,0.0,0.0,98.02364324528376,96.43776561397932,0.0,0.0,0.0,0.0,0.0,0.0,0,0,0,0,0,0.0,0.0,0.0,0.0,1198.08,0.0,0.0,1198.08,1198.08,0.0,0.0,0.0,0.0,0.0,0.0,0,0,0,0,0,2,3,1,3,1,3,-1,0,0,3,-1,-1,-1,-1,-1,-1,-1,-1,-1,-1,116790.6,-31896272381.856014
100.0,45.1,49.1,0.2,2,1,1,0,117.0,97.501,99.541,75.25999999999999,4019.780272740513,1814.6313741454737,1970.3922538420766,8.050944194093,20.2,20.1,18.9,16.2,14664.05859375,16323.328125,15489.73828125,16156.8984375,2653.8510965232767,0.0,0.0,0.0,2267.9409043943697,0.0,0.0,3398.505445708211,3315.4849091208166,0.0,0.0,0.0,0.0,0.0,0.0,0,0,0,0,0,24.84278747624502,0.0,0.0,0.0,83.87573984482879,0.0,0.0,95.90653566851773,94.44565331849837,0.0,0.0,0.0,0.0,0.0,0.0,0,0,0,0,0,1320.96,0.0,0.0,0.0,1198.08,0.0,0.0,1198.08,1198.08,0.0,0.0,0.0,0.0,0.0,0.0,0,0,0,0,0,2,-1,-1,-1,1,-1,-1,0,0,-1,-1,-1,-1,-1,-1,-1,-1,-1,-1,-1,122052.3,0.0
99.70000000000002,45.1,99.8,0.8,2,1,2,1,116.94,97.501,116.96000000000001,75.44000000000001,4007.7209319222916,1814.6313741454737,4004.9928092350146,32.203776776372,20.5,20.0,21.3,16.6,14664.94140625,16323.34765625,15488.5390625,16254.26171875,3251.51424259148,3338.5603652658115,3194.604104964693,0.0,2238.388946098823,0.0,0.0,3402.6562135246727,0.0,0.0,0.0,0.0,0.0,0.0,0.0,0,0,0,0,0,29.928527931287633,34.15496061114809,66.79819318101667,0.0,62.103124285983924,0.0,0.0,95.19171890366869,0.0,0.0,0.0,0.0,0.0,0.0,0.0,0,0,0,0,0,1320.96,1320.96,1198.08,0.0,1198.08,0.0,0.0,1198.08,0.0,0.0,0.0,0.0,0.0,0.0,0.0,0,0,0,0,0,2,0,2,-1,1,-1,-1,0,3,-1,-1,-1,-1,-1,-1,-1,-1,-1,-1,-1,117105.6,-63792545510.50592
100.0,14.800000000000002,100.0,0.4,2,1,2,1,117.0,81.03200000000001,117.0,75.32,4019.780272740513,595.4887879679161,4013.0188469288723,16.101888388186,20.3,16.6,33.1,16.8,14665.09765625,16323.3515625,15487.52734375,16274.40625,0.0,3329.764225596749,3244.2192008895595,3151.6478354954875,0.0,0.0,0.0,3079.149761401643,0.0,0.0,0.0,0.0,0.0,0.0,0.0,0,0,0,0,0,0.0,40.33832093221938,93.55887509921709,192.1370869762604,0.0,0.0,0.0,95.55498643990344,0.0,0.0,0.0,0.0,0.0,0.0,0.0,0,0,0,0,0,0.0,1320.96,1198.08,767.0,0.0,0.0,0.0,1198.08,0.0,0.0,0.0,0.0,0.0,0.0,0.0,0,0,0,0,0,3,0,2,2,1,-1,-1,0,-1,-1,-1,-1,-1,-1,-1,-1,-1,-1,-1,-1,115383.0,-31896272898.37632
100.0,0.2,100.0,0.5,2,0,2,1,117.0,75.25999999999999,117.0,75.35,4019.780272740513,8.047145783350217,4013.0188469288723,20.1273604852325,32.6,15.9,41.2,17.0,14664.234375,16323.12890625,15487.65234375,16308.109375,3213.0446526876576,0.0,3215.795651056769,3247.7825237262914,0.0,0.0,0.0,3280.293906827551,0.0,0.0,0.0,0.0,0.0,0.0,0.0,0,0,0,0,0,270.23589203580264,0.0,99.02741322291882,724.4992733186242,0.0,0.0,0.0,4.062346641765098,0.0,0.0,0.0,0.0,0.0,0.0,0.0,0,0,0,0,0,767.0,0.0,1198.08,767.0,0.0,0.0,0.0,1198.08,0.0,0.0,0.0,0.0,0.0,0.0,0.0,0,0,0,0,0,0,3,2,2,-1,-1,-1,0,-1,-1,-1,-1,-1,-1,-1,-1,-1,-1,-1,-1,121344.0,-63792546214.40736
75.5,2.9000000000000004,98.8,52.0,1,1,2,3,110.65,76.07,116.75999999999999,101.0,3034.9341059190874,116.68361385857814,3964.8626207657258,2093.24549046418,18.0,16.3,22.0,20.3,14664.96484375,17101.546875,15489.546875,17184.35546875,0.0,2624.670051183574,3328.443251121691,0.0,2006.1899459623792,3112.9872787372333,0.0,0.0,0.0,0.0,0.0,0.0,0.0,0.0,0.0,0,0,0,0,0,0.0,19.706287315100884,105.65606264857728,0.0,901.7033451185191,40.65076875240282,0.0,0.0,0.0,0.0,0.0,0.0,0.0,0.0,0.0,0,0,0,0,0,0.0,1320.96,1198.08,0.0,767.0,1320.96,0.0,0.0,0.0,0.0,0.0,0.0,0.0,0.0,0.0,0,0,0,0,0,1,0,2,3,3,2,-1,3,-1,-1,-1,-1,-1,-1,-1,-1,-1,-1,-1,-1,124596.9,-63792546765.235146
46.900000000000006,49.4,99.8,50.5,1,2,2,1,98.41900000000001,99.69399999999999,116.96000000000001,100.25,1885.2769479153005,1987.6450084875034,4004.9928092350146,2032.8634090084824,18.0,18.5,19.5,38.1,14665.234375,17197.55859375,15490.9140625,17184.62890625,2196.4785306744675,2390.9646583572157,0.0,3243.1144285303903,2014.17672070659,3263.2151305909297,0.0,0.0,0.0,0.0,0.0,0.0,0.0,0.0,0.0,0,0,0,0,0,59.208702303726284,13.85103960740292,0.0,26.87786487799402,865.2906934119851,53.24012473289618,0.0,0.0,0.0,0.0,0.0,0.0,0.0,0.0,0.0,0,0,0,0,0,1320.96,1320.96,0.0,1320.96,767.0,1320.96,0.0,0.0,0.0,0.0,0.0,0.0,0.0,0.0,0.0,0,0,0,0,0,1,0,1,2,3,2,-1,-1,-1,-1,-1,-1,-1,-1,-1,-1,-1,-1,-1,-1,129718.80000000002,-63792547089.16217
92.90000000000002,51.10000000000001,99.9,48.6,3,3,2,1,115.58000000000001,100.55000000000001,116.98,99.286,3734.375873375937,2056.0457476459806,4009.005828081944,1956.3794391645993,20.3,20.5,20.2,17.5,14667.66015625,17979.8984375,15489.71875,17184.80859375,0.0,1869.8781746354998,0.0,3170.9310204227304,0.0,3283.430359886675,2257.204441087911,2235.797424766026,1905.680865630739,0.0,0.0,0.0,0.0,0.0,0.0,0,0,0,0,0,0.0,39.01415217110557,0.0,23.729549358205738,0.0,54.798658098151165,103.60936987771078,28.745008593028224,30.623843914844578,0.0,0.0,0.0,0.0,0.0,0.0,0,0,0,0,0,0.0,1320.96,0.0,1320.96,0.0,1320.96,1198.08,1320.96,1320.96,0.0,0.0,0.0,0.0,0.0,0.0,0,0,0,0,0,1,0,3,2,1,2,1,0,0,-1,-1,-1,-1,-1,-1,-1,-1,-1,-1,-1,122022.3,-21264182452.888844
99.9,45.1,100.0,0.2,3,1,3,0,116.98,97.501,117.0,75.25999999999999,4015.7604924677726,1814.6313741454737,4013.0188469288723,8.050944194093,18.5,20.6,20.0,17.2,14668.0,17978.11328125,15490.05078125,17183.1328125,2082.235394712804,0.0,0.0,2128.082659746033,0.0,1966.6126029291318,2238.6109147018847,3323.9507753889025,3238.3411425964373,0.0,0.0,0.0,0.0,0.0,0.0,0,0,0,0,0,93.29716648901136,0.0,0.0,25.202148552945417,0.0,25.57713402428497,104.49996125686697,18.928972909609293,24.768596207146615,0.0,0.0,0.0,0.0,0.0,0.0,0,0,0,0,0,1198.08,0.0,0.0,1320.96,0.0,1320.96,1198.08,1320.96,1320.96,0.0,0.0,0.0,0.0,0.0,0.0,0,0,0,0,0,2,0,-1,2,-1,2,1,0,0,-1,-1,-1,-1,-1,-1,-1,-1,-1,-1,-1,125488.5,6.561936000000003
56.2,46.70000000000001,99.9,49.8,1,2,2,2,103.1,98.31700000000001,116.98,99.898,2259.1165132801684,1879.0085404122758,4009.005828081944,2004.685104329157,17.9,20.3,20.8,17.6,14665.27734375,18005.03125,15488.83984375,17204.95703125,3249.870359050659,0.0,0.0,0.0,0.0,3184.4506608772035,2272.3637694693753,2277.466044660334,0.0,0.0,0.0,0.0,0.0,0.0,0.0,0,0,0,0,0,97.53918963354,0.0,0.0,0.0,0.0,35.12754524746406,103.03517280430744,40.90861190308256,0.0,0.0,0.0,0.0,0.0,0.0,0.0,0,0,0,0,0,1198.08,0.0,0.0,0.0,0.0,1320.96,1198.08,1320.96,0.0,0.0,0.0,0.0,0.0,0.0,0.0,0,0,0,0,0,2,3,-1,1,-1,2,1,0,3,-1,-1,-1,-1,-1,-1,-1,-1,-1,-1,-1,130329.0,-42528365440.59155
91.2,22.2,100.0,99.4,2,1,2,2,115.24000000000001,85.30999999999999,117.0,116.88,3666.039608739348,893.233181951874,4013.0188469288723,4001.3192644642213,19.3,17.5,21.7,22.3,14668.98046875,18004.91015625,15490.59765625,17205.27734375,3229.2676954619837,3404.5945279661414,3368.8739744390396,3284.7067246658266,0.0,3188.740711791865,0.0,3271.9391383295574,0.0,0.0,0.0,0.0,0.0,0.0,0.0,0,0,0,0,0,94.07448012230898,34.13152399590713,39.869549020445426,138.52588287068448,0.0,55.85721083495342,0.0,29.15905546228505,0.0,0.0,0.0,0.0,0.0,0.0,0.0,0,0,0,0,0,1198.08,1320.96,1320.96,1198.08,0.0,1320.96,0.0,1320.96,0.0,0.0,0.0,0.0,0.0,0.0,0.0,0,0,0,0,0,2,0,3,3,-1,2,1,0,-1,-1,-1,-1,-1,-1,-1,-1,-1,-1,-1,-1,122251.8,127.509276
99.9,0.2,46.6,100.0,3,0,2,3,116.98,75.25999999999999,98.266,117.0,4015.7604924677726,8.047145783350217,1870.0667826688546,4025.4720970465,19.2,16.8,20.8,43.7,14667.73828125,18004.6875,15489.0078125,17205.390625,2241.7345364123253,3323.9075759305774,0.0,3354.5962213874323,3317.157537792038,0.0,3140.2011495848406,0.0,0.0,0.0,0.0,0.0,0.0,0.0,0.0,0,0,0,0,0,93.97682765581429,32.28003139187189,0.0,71.33707982368911,762.1853131882485,0.0,37.11969243912858,0.0,0.0,0.0,0.0,0.0,0.0,0.0,0.0,0,0,0,0,0,1198.08,1320.96,0.0,1198.08,767.0,0.0,1320.96,0.0,0.0,0.0,0.0,0.0,0.0,0.0,0.0,0,0,0,0,0,2,0,3,3,3,2,0,0,-1,-1,-1,-1,-1,-1,-1,-1,-1,-1,-1,-1,134044.2,-12.404746000000008
99.9,91.3,45.4,99.6,2,3,1,3,116.98,115.25999999999999,97.654,116.92,4015.7604924677726,3673.5220500993732,1821.910556505708,4009.370208658314,18.8,21.8,20.7,23.7,14666.75,18896.1875,15487.36328125,17204.71875,2226.697416938275,3296.382443528664,1931.1929400138129,2145.5655576775175,0.0,3128.993941404375,3132.1267946345974,3283.342474457224,1950.1209915013785,0.0,0.0,0.0,0.0,0.0,0.0,0,0,0,0,0,18.386006391617183,25.60450215074059,41.178092071474055,140.15863211047542,0.0,59.48603558407756,24.557666669978044,101.2500839434549,94.37915581777236,0.0,0.0,0.0,0.0,0.0,0.0,0,0,0,0,0,1198.08,1320.96,1320.96,1198.08,0.0,1320.96,1320.96,1198.08,1198.08,0.0,0.0,0.0,0.0,0.0,0.0,0,0,0,0,0,2,0,3,3,1,1,0,1,3,-1,-1,-1,-1,-1,-1,-1,-1,-1,-1,-1,139512.0,-63792549940.70862
95.0,100.0,90.2,100.0,2,3,2,3,116.0,117.0,115.03999999999999,117.0,3818.7912591034874,4023.572891675108,3619.742999929843,4025.4720970465,17.9,41.5,41.2,25.2,14667.07421875,18895.00390625,15487.6796875,17206.4609375,3221.2707264244987,0.0,1941.4608890268337,2032.6003460433112,3308.0217894454113,0.0,2694.1161809905934,3338.6145171882013,2473.1530022931097,3259.5952788498175,0.0,0.0,0.0,0.0,0.0,0,0,0,0,0,99.38677429961923,0.0,36.072821123132506,143.51787695789224,731.2919788879938,0.0,32.26831308425141,100.32433764143725,95.73066595405864,843.4486275990186,0.0,0.0,0.0,0.0,0.0,0,0,0,0,0,1198.08,0.0,1320.96,1198.08,767.0,0.0,1320.96,1198.08,1198.08,767.0,0.0,0.0,0.0,0.0,0.0,0,0,0,0,0,2,0,3,3,2,1,0,1,3,1,-1,-1,-1,-1,-1,-1,-1,-1,-1,-1,129804.3,205.176346
15.900000000000002,100.0,100.0,100.0,1,2,3,3,81.681,117.0,117.0,117.0,639.1450633657416,4023.572891675108,4013.0188469288723,4025.4720970465,16.3,39.8,41.1,24.4,14665.51171875,18893.44140625,15490.0859375,17204.9453125,0.0,3230.397029034092,2312.7167269675956,2049.3220928062933,3107.8163481078136,0.0,0.0,3339.7605114551634,2767.8979049204036,3303.1831891145657,0.0,0.0,0.0,0.0,0.0,0,0,0,0,0,0.0,27.284099138611868,36.236877266843564,140.96328843439153,800.3088361077695,0.0,0.0,103.91404587584317,93.32060308097009,798.3487676703455,0.0,0.0,0.0,0.0,0.0,0,0,0,0,0,0.0,1320.96,1320.96,1198.08,767.0,0.0,0.0,1198.08,1198.08,767.0,0.0,0.0,0.0,0.0,0.0,0,0,0,0,0,2,2,3,3,2,-1,0,1,3,1,-1,-1,-1,-1,-1,-1,-1,-1,-1,-1,134966.7,0.9102149999999938
47.89999999999999,100.0,99.8,100.0,2,2,3,3,98.929,117.0,116.96000000000001,117.0,1925.4747506427054,4023.572891675108,4004.9928092350146,4025.4720970465,18.2,23.1,42.3,21.6,15407.41015625,18893.640625,15491.27734375,17205.15234375,1982.1207975198313,2014.5005607359856,3109.176109952455,0.0,0.0,2602.6413941682085,2553.6731664978875,3173.890482877445,3374.599934793957,3397.66818248436,0.0,0.0,0.0,0.0,0.0,0,0,0,0,0,47.646591452081246,39.533624535703744,45.34199324280695,0.0,0.0,33.037815284662685,749.4904925439411,100.76182112593506,95.26974631220376,1003.102756722927,0.0,0.0,0.0,0.0,0.0,0,0,0,0,0,1320.96,1320.96,1320.96,0.0,0.0,1320.96,767.0,1198.08,1198.08,767.0,0.0,0.0,0.0,0.0,0.0,0,0,0,0,0,2,2,3,3,0,0,2,1,3,1,-1,-1,-1,-1,-1,-1,-1,-1,-1,-1,128340.0,-31896275616.478405
5.4,100.0,99.9,100.0,2,3,2,3,76.82,117.0,116.98,117.0,217.0681347279877,4023.572891675108,4009.005828081944,4025.4720970465,16.6,42.4,40.0,23.2,15434.2421875,18894.03125,15488.84765625,17207.3359375,3221.4985173817086,0.0,2094.6395605425105,2157.7477841142545,1955.9685374505093,0.0,3207.7952565681544,2070.3037421964405,2318.179668753959,2477.91982166447,0.0,0.0,0.0,0.0,0.0,0,0,0,0,0,39.916422204362874,0.0,34.62365852035155,799.3838848434877,34.29945233158923,0.0,810.9451427583692,101.5703843517479,94.17603868746342,879.2168085592523,0.0,0.0,0.0,0.0,0.0,0,0,0,0,0,1320.96,0.0,1320.96,767.0,1320.96,0.0,767.0,1198.08,1198.08,767.0,0.0,0.0,0.0,0.0,0.0,0,0,0,0,0,2,0,3,1,3,0,2,1,3,1,-1,-1,-1,-1,-1,-1,-1,-1,-1,-1,123189.0,-31896275970.62368
3.1,100.0,51.0,100.0,2,4,1,3,76.13,117.0,100.49999999999999,117.0,124.6131884549559,4023.572891675108,2046.639611933725,4025.4720970465,17.3,45.7,36.1,22.2,16110.515625,18893.7578125,15487.86328125,17206.328125,0.0,1716.3537632103396,0.0,1770.8917860342294,3321.192889635973,1640.0347386511578,2221.251760450363,1586.0070335637015,3311.180827732789,0.0,0.0,0.0,0.0,0.0,0.0,0,0,0,0,0,0.0,96.87524909847711,0.0,796.2785333240614,26.49116111067511,96.77759653497313,694.1449806334198,102.80080665189793,87.46926728860925,0.0,0.0,0.0,0.0,0.0,0.0,0,0,0,0,0,0.0,1198.08,0.0,767.0,1320.96,1198.08,767.0,1198.08,1198.08,0.0,0.0,0.0,0.0,0.0,0.0,0,0,0,0,0,0,1,3,1,3,1,2,1,3,0,-1,-1,-1,-1,-1,-1,-1,-1,-1,-1,122058.9,-42528368160.561
0.20000000000000004,100.0,45.300000000000004,100.0,0,4,1,3,75.26,117.0,97.60300000000001,117.0,8.039560545481027,4023.572891675108,1817.8975376587791,4025.4720970465,16.1,45.1,26.8,23.6,16110.27734375,18893.86328125,15488.02734375,17208.6484375,1935.6876878549115,1700.0857331752507,0.0,1628.9710758723272,2708.564780387703,1649.3774127528752,2222.476666387267,1580.8145154024896,2153.0597559836183,0.0,0.0,0.0,0.0,0.0,0.0,0,0,0,0,0,24.342806847792286,95.97684551424058,0.0,702.2430207722798,33.139341029632504,93.20351271072786,256.572090468106,101.42976466030221,100.01175008518514,0.0,0.0,0.0,0.0,0.0,0.0,0,0,0,0,0,1320.96,1198.08,0.0,767.0,1320.96,1198.08,767.0,1198.08,1198.08,0.0,0.0,0.0,0.0,0.0,0.0,0,0,0,0,0,3,1,-1,1,3,1,2,1,3,-1,-1,-1,-1,-1,-1,-1,-1,-1,-1,-1,127302.0,0.0
0.20000000000000004,100.0,90.4,100.0,0,4,2,3,75.26,117.0,115.08,117.0,8.039560545481027,4023.572891675108,3627.7690376237006,4025.4720970465,16.1,43.4,41.5,21.3,16110.28125,18893.8984375,15488.3359375,17208.6953125,1995.1003112654614,2086.587025316938,3146.6498132729366,2264.680613671743,1826.5587942884695,2094.8409602149122,3195.2689711787216,0.0,1966.350645734271,0.0,0.0,0.0,0.0,0.0,0.0,0,0,0,0,0,10.343349251115852,97.92599068177981,127.50677855142548,789.2827036746371,33.60026067148737,81.12193755401687,826.866400895661,0.0,92.10971249643615,0.0,0.0,0.0,0.0,0.0,0.0,0,0,0,0,0,1320.96,1198.08,1198.08,767.0,1320.96,1198.08,767.0,0.0,1198.08,0.0,0.0,0.0,0.0,0.0,0.0,0,0,0,0,0,3,1,2,1,3,1,2,1,3,-1,-1,-1,-1,-1,-1,-1,-1,-1,-1,-1,127881.0,196.530763
0.3,100.0,100.0,99.9,1,3,4,2,75.29,117.0,117.0,116.98,12.059340818221537,4023.572891675108,4013.0188469288723,4021.446624949454,16.3,44.1,44.0,22.4,16118.87890625,18893.76953125,15488.8203125,17204.92578125,3350.837258821904,2339.4530059965527,1453.292283247258,1927.3318994523015,0.0,2395.3971925105043,1620.5683290048066,1587.4824674251224,3247.49014857844,1587.2558913578325,0.0,0.0,0.0,0.0,0.0,0,0,0,0,0,25.709941378717726,98.8634552914179,122.9249248234954,840.0346939789197,0.0,96.32839474285487,145.86544225242417,97.85558362498274,4.601384221229031,153.69326396663723,0.0,0.0,0.0,0.0,0.0,0,0,0,0,0,1320.96,1198.08,1198.08,767.0,0.0,1198.08,767.0,1198.08,1198.08,767.0,0.0,0.0,0.0,0.0,0.0,0,0,0,0,0,3,1,2,1,0,1,2,2,3,2,-1,-1,-1,-1,-1,-1,-1,-1,-1,-1,127878.0,-63792553701.10159
0.20000000000000004,100.0,100.0,100.0,0,3,4,3,75.26,117.0,117.0,117.0,8.039560545481027,4023.572891675108,4013.0188469288723,4025.4720970465,16.3,44.6,49.4,25.0,16118.765625,18893.86328125,15488.89453125,17206.66015625,1873.5759070721003,1136.1826879412981,1561.8962207074928,1235.0433258721705,2235.388461716113,1370.6116671760383,1609.847052563903,1600.757081760691,1965.7429294452031,1650.3463890089115,0.0,0.0,0.0,0.0,0.0,0,0,0,0,0,21.557758503364195,29.04968459116061,71.52847865801868,853.6669918440738,93.4065372514854,94.62924013788583,796.062906864581,95.68769886880098,19.182850518213726,786.36406389233,0.0,0.0,0.0,0.0,0.0,0,0,0,0,0,1320.96,1198.08,1198.08,767.0,1198.08,1198.08,767.0,1198.08,1198.08,767.0,0.0,0.0,0.0,0.0,0.0,0,0,0,0,0,3,1,2,1,3,1,2,2,3,2,-1,-1,-1,-1,-1,-1,-1,-1,-1,-1,116647.2,0.0
1.6000000000000003,100.0,100.0,11.600000000000001,3,2,5,1,75.68,117.0,117.0,79.144,64.31648436384822,4023.572891675108,4013.0188469288723,466.954763257394,17.3,23.4,45.2,18.2,16368.84765625,18893.3046875,15490.07421875,17203.55859375,0.0,3130.013372616378,1058.0581889946247,0.0,0.0,3205.820974732423,1267.2398485747142,1340.151588435788,0.0,2447.425291898219,1191.0454022547751,0.0,0.0,0.0,0.0,0,0,0,0,0,0.0,104.49996125686697,123.47959083318514,0.0,0.0,66.68888866813029,676.5558183683992,70.54023569709257,0.0,744.8227046454957,31.983135826335566,0.0,0.0,0.0,0.0,0,0,0,0,0,0.0,1198.08,1198.08,0.0,0.0,1198.08,767.0,1198.08,0.0,768.0,1320.96,0.0,0.0,0.0,0.0,0,0,0,0,0,0,1,2,0,0,1,2,2,3,2,2,-1,-1,-1,-1,-1,-1,-1,-1,-1,128216.7,-47844415994.8519
38.4,100.0,100.0,48.699999999999996,2,2,3,3,94.052,117.0,117.0,99.33699999999999,1543.5956247323568,4023.572891675108,4013.0188469288723,1960.4049112616456,20.7,22.3,37.6,22.1,17083.15625,18893.2421875,15488.94921875,17393.42578125,3260.943804250615,3291.660487167642,0.0,2027.9681123917444,2310.425202481259,0.0,0.0,2364.7774744218545,0.0,2072.429642966612,1575.6525977048532,0.0,0.0,0.0,0.0,0,0,0,0,0,81.32114878356498,99.84388702899774,0.0,107.02330349780952,87.74660029345411,0.0,0.0,102.140573854769,0.0,401.6172520019749,50.97458751021973,0.0,0.0,0.0,0.0,0,0,0,0,0,1198.08,1198.08,0.0,1198.08,1198.08,0.0,0.0,1198.08,0.0,767.0,1320.96,0.0,0.0,0.0,0.0,0,0,0,0,0,1,1,3,0,3,3,0,2,-1,2,2,-1,-1,-1,-1,-1,-1,-1,-1,-1,130950.6,-63792555298.77856
59.9,100.0,100.0,45.2,3,2,2,1,104.94999999999999,117.0,117.0,97.55199999999999,2407.8483833715673,4023.572891675108,4013.0188469288723,1819.513387865018,21.5,23.6,22.7,22.2,17108.86328125,18893.32421875,15488.28125,17393.234375,3298.7995994585153,3357.3606170766598,2007.8657910240297,0.0,2279.201565643426,0.0,0.0,3219.5782170724547,0.0,3245.1505743312673,0.0,0.0,0.0,0.0,0.0,0,0,0,0,0,66.9154426154595,96.90649791879837,94.07847967972343,0.0,95.21115483230696,0.0,0.0,96.83609187477833,0.0,809.7225338778559,0.0,0.0,0.0,0.0,0.0,0,0,0,0,0,1198.08,1198.08,1198.08,0.0,1198.08,0.0,0.0,1198.08,0.0,767.0,0.0,0.0,0.0,0.0,0.0,0,0,0,0,0,1,1,0,0,3,-1,-1,2,-1,2,0,-1,-1,-1,-1,-1,-1,-1,-1,-1,133542.6,-31896277785.24181
85.3,100.0,100.0,45.2,2,2,2,1,113.59,117.0,117.0,97.55199999999999,3428.8725726476573,4023.572891675108,4013.0188469288723,1819.513387865018,19.6,23.4,41.2,22.1,17110.15234375,18893.33984375,15488.20703125,17393.28125,3331.03616552985,3331.256066026705,0.0,2114.914137629764,2277.6785079219976,0.0,0.0,3336.941561713141,0.0,3172.683327338722,0.0,0.0,0.0,0.0,0.0,0,0,0,0,0,93.35975681233421,95.64482679832709,0.0,24.77640841222694,66.9700615220473,0.0,0.0,99.05084981487755,0.0,728.3233439065557,0.0,0.0,0.0,0.0,0.0,0,0,0,0,0,1198.08,1198.08,0.0,1320.96,1198.08,0.0,0.0,1198.08,0.0,767.0,0.0,0.0,0.0,0.0,0.0,0,0,0,0,0,1,1,0,0,3,-1,-1,2,-1,2,-1,-1,-1,-1,-1,-1,-1,-1,-1,-1,128400.0,242.130048
6.0,100.0,100.0,100.0,0,2,2,4,77.0,117.0,117.0,117.0,241.18681636443077,4023.572891675108,4013.0188469288723,4025.4720970465,18.0,23.6,32.2,21.7,17110.01953125,18893.35546875,15488.3359375,17396.91796875,3344.7429710251467,3275.598060091767,2105.3221227562617,0.0,0.0,3433.578870859028,0.0,3269.557688074641,0.0,2963.914957679821,0.0,0.0,0.0,0.0,0.0,0,0,0,0,0,93.49256429869963,98.02754934782394,32.17062856200534,0.0,0.0,24.065473842947412,0.0,87.87940764788685,0.0,178.23137574741887,0.0,0.0,0.0,0.0,0.0,0,0,0,0,0,1198.08,1198.08,1320.96,0.0,0.0,1320.96,0.0,1198.08,0.0,767.0,0.0,0.0,0.0,0.0,0.0,0,0,0,0,0,1,1,3,3,3,3,-1,2,-1,2,-1,-1,-1,-1,-1,-1,-1,-1,-1,-1,130606.2,-31896278610.71113
39.8,100.0,63.9,100.0,2,2,1,3,94.79400000000001,117.0,106.56,117.0,1599.8725485507239,4023.572891675108,2564.3190431875496,4025.4720970465,21.6,21.2,20.8,24.0,17352.05859375,18893.375,15487.56640625,17397.234375,3354.5218286775253,3343.3859896299414,2359.0597374175327,2384.8980346653107,1993.6311261321089,2359.182443075455,0.0,2246.9791573943767,0.0,0.0,0.0,0.0,0.0,0.0,0.0,0,0,0,0,0,96.15262012854771,40.8578325700605,28.744980037372184,97.44544326570511,87.9732414094553,25.97164998892345,0.0,101.00389914477103,0.0,0.0,0.0,0.0,0.0,0.0,0.0,0,0,0,0,0,1198.08,1198.08,1320.96,1198.08,1198.08,1320.96,0.0,1198.08,0.0,0.0,0.0,0.0,0.0,0.0,0.0,0,0,0,0,0,1,1,3,3,0,3,-1,2,-1,0,-1,-1,-1,-1,-1,-1,-1,-1,-1,-1,127356.6,-63792556757.30119
46.29999999999999,100.0,35.300000000000004,100.0,1,3,1,3,98.113,117.0,92.40899999999999,117.0,1861.1582662788571,4023.572891675108,1416.595652965892,4025.4720970465,18.2,24.6,17.2,23.7,17351.97265625,18895.4140625,15487.58203125,17395.8125,2056.724680144014,2719.0461305872623,2288.487166247493,2126.225068101537,0.0,3137.1910572195106,1958.6569093512373,0.0,0.0,0.0,0.0,0.0,0.0,0.0,0.0,0,0,0,0,0,96.20730556410996,101.34773650695884,25.67869258943943,94.97678891271975,0.0,29.037937436856204,118.92129183513305,0.0,0.0,0.0,0.0,0.0,0.0,0.0,0.0,0,0,0,0,0,1198.08,1198.08,1320.96,1198.08,0.0,1320.96,1320.96,0.0,0.0,0.0,0.0,0.0,0.0,0.0,0.0,0,0,0,0,0,1,1,3,3,0,3,1,2,-1,-1,-1,-1,-1,-1,-1,-1,-1,-1,-1,-1,120294.0,248.9387655
34.0,100.0,0.2,100.0,1,3,0,3,91.72,117.0,75.25999999999999,117.0,1366.7252927317743,4023.572891675108,8.026037693857745,4025.4720970465,21.7,21.9,16.7,24.0,17351.91796875,18894.56640625,15487.359375,17396.02734375,3258.769462241095,0.0,1785.984356383385,1949.6597152934323,2270.56753870576,2334.2724061007552,3122.695355774924,0.0,0.0,0.0,0.0,0.0,0.0,0.0,0.0,0,0,0,0,0,99.88685415693949,0.0,16.89778280223836,96.32829904900603,24.49907513187566,39.22504274158058,124.51873677518056,0.0,0.0,0.0,0.0,0.0,0.0,0.0,0.0,0,0,0,0,0,1198.08,0.0,1320.96,1198.08,1198.08,1320.96,1320.96,0.0,0.0,0.0,0.0,0.0,0.0,0.0,0.0,0,0,0,0,0,1,1,3,3,0,3,1,-1,-1,-1,-1,-1,-1,-1,-1,-1,-1,-1,-1,-1,124649.4,23.274932999999976
46.5,57.4,43.3,100.0,1,1,2,5,98.215,103.69999999999999,96.583,117.0,1869.1978268243383,2309.530839821512,1737.6371607202016,4025.4720970465,21.7,19.3,18.9,36.6,17351.953125,18894.71484375,15580.796875,17399.9375,0.0,1215.5613789178362,1133.295363130232,1227.3503833954644,2301.5102333991417,1424.2119821166705,2648.071456005967,1280.8135059712145,2263.3736020571646,0.0,0.0,0.0,0.0,0.0,0.0,0,0,0,0,0,0.0,37.6313544883875,38.24851807663384,95.4142719626159,93.89098675779582,14.780677328633828,115.38236293374922,861.9314485645683,800.9689667812735,0.0,0.0,0.0,0.0,0.0,0.0,0,0,0,0,0,0.0,1320.96,1320.96,1198.08,1198.08,1320.96,1320.96,767.0,767.0,0.0,0.0,0.0,0.0,0.0,0.0,0,0,0,0,0,2,3,3,3,0,3,1,3,2,-1,-1,-1,-1,-1,-1,-1,-1,-1,-1,-1,121451.7,-63792558010.684906
52.2,28.6,45.9,100.0,2,1,1,5,101.10000000000001,88.83,97.90899999999999,117.0,2098.325302370548,1150.741847019081,1841.9756507403522,4025.4720970465,21.9,17.6,38.3,24.9,17790.07421875,18894.67578125,15581.00390625,17398.39453125,1353.5901719598523,1426.1025990872834,1277.9253286601968,1267.508761051672,2279.849651941604,1071.3540154302752,0.0,0.0,2268.748585291861,0.0,0.0,0.0,0.0,0.0,0.0,0,0,0,0,0,33.022158069838895,19.80392020511985,30.2371097254108,67.0599017912224,96.61744633082662,31.748769906748354,0.0,0.0,782.2353176089352,0.0,0.0,0.0,0.0,0.0,0.0,0,0,0,0,0,1320.96,1320.96,1320.96,1198.08,1198.08,1320.96,0.0,0.0,767.0,0.0,0.0,0.0,0.0,0.0,0.0,0,0,0,0,0,3,3,3,3,0,3,1,0,2,-1,-1,-1,-1,-1,-1,-1,-1,-1,-1,-1,120498.6,-31896279204.73692
79.5,0.2,45.2,100.0,6,0,1,2,111.85,75.25999999999999,97.55199999999999,117.0,3195.7253168287075,8.047145783350217,1813.8845188118503,4025.4720970465,27.5,17.0,38.8,23.4,17861.59765625,18893.0,15581.62890625,17395.81640625,0.0,0.0,3347.940430918623,2918.4640697784384,2279.11832532282,0.0,2714.070685529849,2029.2746102256453,2255.6780747919356,0.0,0.0,0.0,0.0,0.0,0.0,0,0,0,0,0,0.0,0.0,34.854118341278976,4.898247719372838,101.01571779104538,0.0,93.62537178506501,94.71126829122913,795.4418371776749,0.0,0.0,0.0,0.0,0.0,0.0,0,0,0,0,0,0.0,0.0,1320.96,1198.08,1198.08,0.0,1198.08,1198.08,768.0,0.0,0.0,0.0,0.0,0.0,0.0,0,0,0,0,0,0,0,3,3,0,0,0,0,2,-1,-1,-1,-1,-1,-1,-1,-1,-1,-1,-1,134423.4,-63792559142.81808
100.0,90.9,95.0,49.8,3,2,2,2,117.0,115.18,116.0,99.898,4019.780272740513,3657.4277585326736,3812.3679045824288,2004.685104329157,25.0,41.9,30.1,21.3,17861.23046875,18893.76953125,15584.53125,17395.1015625,3114.8151231351935,3064.550732887052,0.0,2270.2996230790104,0.0,3292.4022105058816,3345.6013732552024,3376.909344232907,3279.5888767277543,0.0,0.0,0.0,0.0,0.0,0.0,0,0,0,0,0,39.61565260755927,775.9589879101555,0.0,67.19270914565517,0.0,97.97286391226169,94.5550241896228,95.4924887992609,813.351299532798,0.0,0.0,0.0,0.0,0.0,0.0,0,0,0,0,0,1320.96,767.0,0.0,1198.08,0.0,1198.08,1198.08,1198.08,767.0,0.0,0.0,0.0,0.0,0.0,0.0,0,0,0,0,0,2,1,3,3,0,1,0,0,2,-1,-1,-1,-1,-1,-1,-1,-1,-1,-1,-1,134529.0,-44.06716499999999
100.0,100.0,99.9,45.0,3,2,2,1,117.0,117.0,116.98,97.45,4019.780272740513,4023.572891675108,4009.005828081944,1811.462443670925,26.9,37.2,20.0,22.2,17861.328125,18893.87890625,15582.9453125,17393.44140625,3216.3401007995744,3345.8775373101107,1971.8049602122735,2265.1414069115594,0.0,3330.887731680532,1362.1192105071837,1211.962077992781,3293.5830278945386,0.0,0.0,0.0,0.0,0.0,0.0,0,0,0,0,0,22.866301554392816,471.0329992152032,788.5092953716858,92.82452855117714,0.0,93.4847520936193,98.30097652563504,97.07836643056535,820.9408492287641,0.0,0.0,0.0,0.0,0.0,0.0,0,0,0,0,0,1320.96,767.0,767.0,1198.08,0.0,1198.08,1198.08,1198.08,767.0,0.0,0.0,0.0,0.0,0.0,0.0,0,0,0,0,0,2,1,0,3,-1,1,0,0,2,-1,-1,-1,-1,-1,-1,-1,-1,-1,-1,-1,128724.0,0.0
100.0,100.0,100.0,9.6,4,2,4,1,117.0,117.0,117.0,78.08000000000001,4019.780272740513,4023.572891675108,4013.0188469288723,386.44532131646395,47.3,42.2,22.3,18.8,17862.58984375,18894.05078125,15584.3515625,17393.44140625,1341.6307914894203,3284.122625512433,1663.5198524516645,0.0,1637.3103913961863,3247.9650148585742,1672.528764924228,1701.0974232998817,1288.7675939017872,1525.951882591105,1706.8854878717912,0.0,0.0,0.0,0.0,0,0,0,0,0,22.827240567794952,777.9979734361185,820.2776273307968,0.0,93.88308128797941,96.61354022828645,98.8243942660163,98.21504226975154,859.7713760057061,40.93591395456727,47.73647914328005,0.0,0.0,0.0,0.0,0,0,0,0,0,1320.96,767.0,768.0,0.0,1198.08,1198.08,1198.08,1198.08,767.0,1320.96,1320.96,0.0,0.0,0.0,0.0,0,0,0,0,0,2,1,0,3,2,1,0,0,2,2,0,-1,-1,-1,-1,-1,-1,-1,-1,-1,127878.0,-116.04477000000004
100.0,100.0,100.0,0.2,4,3,4,0,117.0,117.0,117.0,75.25999999999999,4019.780272740513,4023.572891675108,4013.0188469288723,8.050944194093,28.2,47.4,28.3,18.1,17862.609375,18894.51953125,15584.65625,17393.21875,1570.0673401674026,2016.235511562524,1696.831903022002,2157.2679617296344,1582.1035404125805,2229.1988678958746,1763.2305264252793,1616.3603692687605,1367.3548807271188,1498.1305488909672,1579.3667179669726,0.0,0.0,0.0,0.0,0,0,0,0,0,25.21386684892478,709.7857047773264,890.5757547460338,862.9947647099729,92.80499805787821,93.5433436317217,98.5040938577233,96.80493925275425,105.47247601156728,27.48721626892079,50.65433774077864,0.0,0.0,0.0,0.0,0,0,0,0,0,1320.96,767.0,767.0,767.0,1198.08,1198.08,1198.08,1198.08,767.0,1320.96,1320.96,0.0,0.0,0.0,0.0,0,0,0,0,0,2,1,0,1,2,1,0,0,2,2,0,-1,-1,-1,-1,-1,-1,-1,-1,-1,127968.0,0.0
100.0,100.0,100.0,1.2,4,3,4,2,117.0,117.0,117.0,75.56,4019.780272740513,4023.572891675108,4013.0188469288723,48.30566516455799,44.6,44.1,26.9,18.8,17866.23046875,18894.44921875,15586.44140625,17684.609375,1568.4707012517517,2196.429604193005,1552.3316792064281,0.0,1581.2782682479217,2029.2261260795422,0.0,1482.3323987898664,1837.072002874124,1352.42355667531,1660.3095726274673,2150.653816206547,1567.3197861777717,0.0,0.0,0,0,0,0,0,19.073479755739687,706.4147382851693,837.0894926636402,0.0,95.44552075189421,73.62612677945225,0.0,66.54826897668458,69.77854645843412,31.487061296542624,27.768482957988535,96.5354181774833,28.36221054409267,0.0,0.0,0,0,0,0,0,1320.96,767.0,767.0,0.0,1198.08,1198.08,0.0,1198.08,767.0,1320.96,1320.96,1198.08,1320.96,0.0,0.0,0,0,0,0,0,2,1,0,3,2,1,3,0,2,2,0,1,0,-1,-1,-1,-1,-1,-1,-1,127887.0,-63792561741.84359
100.0,100.0,100.0,0.3,4,3,4,1,117.0,117.0,117.0,75.29,4019.780272740513,4023.572891675108,4013.0188469288723,12.076416291139498,31.7,28.4,39.6,19.1,17862.796875,18894.6015625,15586.21484375,17689.203125,0.0,2160.001760756955,1634.0043492452037,1739.6978953361356,2078.257652359498,2128.846970340158,0.0,1633.908951672841,2288.3009526155993,2228.7224843633157,0.0,2311.303339559194,1573.4251783030902,0.0,0.0,0,0,0,0,0,0.0,879.0019729195435,983.466779253549,95.42217895353804,92.78546756457928,93.41053614535629,0.0,98.8087698558557,529.5615136032966,41.63510561466913,0.0,93.71911824602883,39.92427406296255,0.0,0.0,0,0,0,0,0,0.0,767.0,767.0,1198.08,1198.08,1198.08,0.0,1198.08,767.0,1320.96,0.0,1198.08,1320.96,0.0,0.0,0,0,0,0,0,2,1,0,0,2,1,-1,0,2,2,3,1,0,-1,-1,-1,-1,-1,-1,-1,126351.0,-31896281235.21203
100.0,76.7,100.0,3.2,4,1,3,3,117.0,111.00999999999999,117.0,76.16,4019.780272740513,3086.080407914808,4013.0188469288723,128.815107105488,64.4,21.3,39.9,19.7,17862.0390625,18893.22265625,15584.58203125,18592.34375,1654.8940884001104,0.0,1673.793859949004,1628.853606237061,2357.0854392284064,0.0,0.0,1601.487380661728,2044.628920689827,2036.4201293368576,0.0,2296.3668757040027,0.0,0.0,0.0,0,0,0,0,0,572.5135432085274,0.0,908.8953756593784,95.19562500620883,94.0080764450926,0.0,0.0,96.83228197053535,577.1885745620788,43.45534759012985,0.0,95.63310849070662,0.0,0.0,0.0,0,0,0,0,0,767.0,0.0,767.0,1198.08,1198.08,0.0,0.0,1198.08,767.0,1320.96,0.0,1198.08,0.0,0.0,0.0,0,0,0,0,0,0,3,0,0,2,3,-1,0,2,2,-1,1,3,-1,-1,-1,-1,-1,-1,-1,134961.0,-63792562883.24447
100.0,93.1,100.0,50.5,5,4,3,1,117.0,115.62,117.0,100.25,4019.780272740513,3745.9463621495256,4013.0188469288723,2032.8634090084824,38.2,27.2,26.5,38.2,17863.1484375,18894.5703125,15585.4765625,18593.18359375,1344.8412300132609,1754.8906098595514,1241.4390525302579,1305.1482088926198,2593.414956656048,1476.16705513722,1624.809196988923,1128.6615798150838,2432.8010464323925,1702.2745475214208,2012.668350146258,1726.7192614798407,1304.0998514939308,0.0,0.0,0,0,0,0,0,717.8596187278346,92.94961604561757,239.3542453533076,97.66428181158918,99.04694371621775,35.24476321985237,93.97301491113915,86.8678143905904,69.05201210771375,10.565996874723707,658.775257269049,96.85181248323616,38.26808658593525,0.0,0.0,0,0,0,0,0,767.0,1198.08,767.0,1198.08,1198.08,1320.96,1198.08,1198.08,767.0,1320.96,767.0,1198.08,1320.96,0.0,0.0,0,0,0,0,0,0,1,0,0,2,1,1,0,2,2,3,1,0,-1,-1,-1,-1,-1,-1,-1,135390.0,0.0
100.0,100.0,100.0,50.6,6,4,3,1,117.0,117.0,117.0,100.3,4019.780272740513,4023.572891675108,4013.0188469288723,2036.8888811055292,63.3,27.5,39.2,37.8,17865.93359375,18894.72265625,15584.28125,18594.16796875,1524.6765126699122,1650.3330800097951,1189.2142703588524,1091.220791748394,3247.06972201608,1660.4261292194071,1480.092138225493,1097.2993870660432,3216.100133637822,0.0,2030.4535834003639,1711.6938721820063,1110.4609873756585,998.8743091899815,0.0,0,0,0,0,0,159.78693661027387,95.03547480206232,852.1553301610323,96.98071386706138,93.28154209437224,38.803222633937,95.10578464778519,101.30867548155727,565.7124566996248,0.0,665.4468737799649,95.93778448883899,48.24036637096054,22.51086893893486,0.0,0,0,0,0,0,768.0,1198.08,767.0,1198.08,1198.08,1320.96,1198.08,1198.08,767.0,0.0,767.0,1198.08,1320.96,1320.96,0.0,0,0,0,0,0,0,1,0,0,2,1,1,0,2,2,3,1,0,0,-1,-1,-1,-1,-1,-1,131982.0,-343.983796
100.0,100.0,100.0,28.799999999999997,4,3,3,5,117.0,117.0,117.0,88.94,4019.780272740513,4023.572891675108,4013.0188469288723,1159.335963949392,26.5,23.5,32.9,20.9,17865.90625,18895.84765625,15583.16796875,19336.67578125,0.0,2152.1933432732058,0.0,2006.6763890385382,1992.5853363963042,1798.5159977588946,0.0,1720.4764542902747,2593.966372865921,2201.344731260966,0.0,0.0,1654.6914651151496,1535.4695114545643,2403.972335735561,0,0,0,0,0,0.0,43.75225455231813,0.0,25.885741533632018,97.28529322065384,24.221741851524392,0.0,97.02758709754328,825.2219333598905,49.330119974449424,0.0,0.0,47.990375808390375,34.87758958107746,31.182416578087278,0,0,0,0,0,0.0,1198.08,0.0,1198.08,1198.08,1320.96,0.0,1198.08,767.0,767.0,0.0,0.0,1320.96,1320.96,1320.96,0,0,0,0,0,3,1,3,0,2,1,3,0,2,2,3,3,0,0,1,-1,-1,-1,-1,-1,139830.0,-51034051793.88155
100.0,100.0,91.6,98.9,3,2,2,5,117.0,117.0,115.32,116.78,4019.780272740513,4023.572891675108,3675.9252637868467,3981.191903978989,24.6,22.7,30.2,24.3,17866.6640625,18894.5,15580.8515625,19436.52734375,3271.7896133162076,3267.1756793450377,3328.603489494695,2111.0450008303287,0.0,0.0,0.0,0.0,0.0,2254.313220028036,0.0,0.0,1738.6419237153357,2340.9288578745227,3311.6061933636956,0,0,0,0,0,41.154655479515334,97.04321150770393,56.26344509557127,68.46225922136237,0.0,0.0,0.0,0.0,0.0,227.3310359009409,0.0,0.0,58.66184794810407,41.31875266979923,24.307676107407886,0,0,0,0,0,1320.96,1198.08,1320.96,1198.08,0.0,0.0,0.0,0.0,0.0,767.0,0.0,0.0,1320.96,1320.96,1320.96,0,0,0,0,0,3,1,3,0,2,3,-1,3,3,2,-1,-1,0,0,1,-1,-1,-1,-1,-1,134544.3,-47844423864.37422
100.0,99.9,45.1,100.0,3,2,1,3,117.0,116.98,97.501,117.0,4019.780272740513,4019.5493187834336,1809.8714999649214,4025.4720970465,24.4,22.5,32.8,24.4,17865.05859375,18896.0859375,15580.875,19437.4921875,2338.0666724233724,3306.4899981885737,2460.7737405724333,2317.531960203634,2024.3813600406509,0.0,0.0,0.0,0.0,2213.604431786081,0.0,0.0,1983.295082276399,2221.80205907681,3261.005437314211,0,0,0,0,0,22.190546486249684,92.69571938050723,52.41203181702134,99.96888231028282,34.25648524633157,0.0,0.0,0.0,0.0,505.59369222684376,0.0,0.0,51.75585865710341,20.50703833583343,31.276163039051095,0,0,0,0,0,1320.96,1198.08,1320.96,1198.08,1320.96,0.0,0.0,0.0,0.0,767.0,0.0,0.0,1320.96,1320.96,1320.96,0,0,0,0,0,3,1,3,0,3,-1,-1,-1,-1,2,-1,-1,0,0,1,-1,-1,-1,-1,-1,133614.6,0.0
100.0,86.1,45.2,100.0,4,2,1,3,117.0,113.83,97.55199999999999,117.0,4019.780272740513,3464.296259732268,1813.8845188118503,4025.4720970465,23.0,20.6,22.4,25.0,17865.80859375,18895.02734375,15581.1484375,19439.359375,1904.000225329738,2269.300273736494,1926.7021941345688,2247.876765461756,2076.189235832186,1539.194501304409,0.0,0.0,0.0,2250.855274083696,0.0,0.0,1561.0721608417298,1828.3649968572618,0.0,0,0,0,0,0,40.775763909516,94.07457357718329,57.157941688662476,99.49233780038345,31.557371072418793,27.944257572295683,0.0,0.0,0.0,110.31994444836292,0.0,0.0,48.52941795893228,39.31101596415763,0.0,0,0,0,0,0,1320.96,1198.08,1320.96,1198.08,1320.96,1320.96,0.0,0.0,0.0,767.0,0.0,0.0,1320.96,1320.96,0.0,0,0,0,0,0,3,1,3,0,3,0,-1,-1,-1,2,-1,-1,0,0,1,-1,-1,-1,-1,-1,131900.4,194.37633
100.0,88.8,47.79999999999999,70.5,3,2,3,2,117.0,114.64,98.878,109.15,4019.780272740513,3572.932727807496,1918.2230088320007,2837.9578284177824,24.6,22.1,21.0,23.4,17867.21875,18894.4453125,15628.640625,19436.62109375,0.0,3341.256261029778,0.0,2107.2566626079356,2294.287671607929,1965.7642933226798,3273.393074480827,0.0,0.0,2267.8981497762284,0.0,0.0,2277.5005862642256,0.0,0.0,0,0,0,0,0,0.0,93.6175595799847,0.0,85.44208696343244,9.351200191529964,41.666395795873356,40.43597349572335,0.0,0.0,791.4576165446921,0.0,0.0,56.56817698657898,0.0,0.0,0,0,0,0,0,0.0,1198.08,0.0,1198.08,1320.96,1320.96,1320.96,0.0,0.0,767.0,0.0,0.0,1320.96,0.0,0.0,0,0,0,0,0,3,1,2,0,3,0,1,-1,-1,2,-1,-1,0,2,-1,-1,-1,-1,-1,-1,127124.7,-42528377739.47687
100.0,100.0,45.2,34.9,4,2,1,1,117.0,117.0,97.55199999999999,92.197,4019.780272740513,4023.572891675108,1813.8845188118503,1404.8897618692283,36.0,22.4,24.2,21.6,17864.28515625,18894.91015625,15628.62109375,19435.2109375,1739.5024234709228,3284.936822870152,0.0,1680.6079473499499,0.0,1566.7606297078837,3270.6533169176532,0.0,0.0,2231.066467527944,0.0,0.0,1634.6140891256573,0.0,0.0,0,0,0,0,0,855.4794234227074,93.51990701648072,0.0,95.46905218401997,0.0,21.296071048945493,7.769237952375749,0.0,0.0,161.4976490888916,0.0,0.0,46.982601353029416,0.0,0.0,0,0,0,0,0,767.0,1198.08,0.0,1198.08,0.0,1320.96,1320.96,0.0,0.0,767.0,0.0,0.0,1320.96,0.0,0.0,0,0,0,0,0,0,1,-1,0,3,0,1,-1,-1,2,-1,-1,0,-1,-1,-1,-1,-1,-1,-1,126015.0,197.282846
87.19999999999999,82.0,99.9,3.7000000000000006,1,2,2,3,114.16,112.6,116.98,76.31,3505.248397829727,3299.3297711735886,4009.005828081944,148.94246759072053,21.8,19.1,25.9,22.2,17862.85546875,18894.8828125,15629.859375,20228.34375,0.0,0.0,3182.61608398114,2279.872362564614,0.0,0.0,2623.3637361608216,0.0,0.0,3219.6151852566977,0.0,0.0,0.0,0.0,0.0,0,0,0,0,0,0.0,0.0,32.92841170200401,96.38308017841709,0.0,0.0,22.61242760497899,0.0,0.0,132.88157030729232,0.0,0.0,0.0,0.0,0.0,0,0,0,0,0,0.0,0.0,1320.96,1198.08,0.0,0.0,1320.96,0.0,0.0,767.0,0.0,0.0,0.0,0.0,0.0,0,0,0,0,0,3,1,2,0,-1,3,1,-1,-1,2,-1,-1,3,-1,-1,-1,-1,-1,-1,-1,121921.2,-47844425948.76354
46.4,94.9,100.0,0.2,1,2,2,0,98.164,115.98,117.0,75.25999999999999,1865.1780465515978,3818.370674199678,4013.0188469288723,8.050944194093,22.3,20.5,22.0,21.6,17862.875,18895.890625,15630.109375,20228.01171875,3297.6174240914174,0.0,3245.67270555601,2254.508967023872,0.0,0.0,3330.649848106735,0.0,0.0,3287.2696543255406,0.0,0.0,0.0,0.0,0.0,0,0,0,0,0,26.45603250449519,0.0,44.431872255076584,96.51198156224233,0.0,0.0,25.15920646116249,0.0,0.0,876.8097783596968,0.0,0.0,0.0,0.0,0.0,0,0,0,0,0,1320.96,0.0,1320.96,1198.08,0.0,0.0,1320.96,0.0,0.0,767.0,0.0,0.0,0.0,0.0,0.0,0,0,0,0,0,1,-1,2,0,-1,-1,1,-1,-1,2,-1,-1,-1,-1,-1,-1,-1,-1,-1,-1,124188.0,0.0
8.4,54.800000000000004,100.0,99.20000000000002,0,2,3,3,77.72,102.4,117.0,116.84,337.6615429102031,2204.9179446379594,4013.0188469288723,3993.2683202701282,18.8,19.6,43.1,25.5,17862.65625,18896.1484375,15631.7109375,20327.3125,2520.5952749773396,1846.6492799082023,1654.7001223297243,0.0,3259.8753920819786,3233.3861204654268,0.0,0.0,0.0,2191.0985426709326,0.0,0.0,0.0,0.0,0.0,0,0,0,0,0,14.206494938557364,93.70340074962922,37.04934578807924,0.0,46.6739728857943,69.02466941709524,0.0,0.0,0.0,784.2860194053233,0.0,0.0,0.0,0.0,0.0,0,0,0,0,0,1320.96,1198.08,1320.96,0.0,1320.96,1320.96,0.0,0.0,0.0,767.0,0.0,0.0,0.0,0.0,0.0,0,0,0,0,0,1,2,2,3,3,3,1,-1,-1,2,-1,-1,-1,-1,-1,-1,-1,-1,-1,-1,126219.0,-31896284166.943947
0.4000000000000001,85.79999999999998,100.0,88.9,1,4,3,2,75.32,113.74,117.0,114.67,16.079121090962055,3452.2255410572425,4013.0188469288723,3578.6446942743387,19.0,23.3,25.4,23.9,17882.32421875,18896.78515625,15630.61328125,20323.53515625,1516.2155001321962,2353.7317088657715,1561.8091605949814,2610.7473582476214,0.0,0.0,1682.8884734823887,1633.3301660709153,1557.8025424218763,2470.8038800953764,0.0,0.0,0.0,0.0,0.0,0,0,0,0,0,6.073989449946851,81.41872046459923,34.389292600764335,24.53029958346206,0.0,0.0,94.30112752451248,24.82328164270884,22.55774216941677,26.33882326294342,0.0,0.0,0.0,0.0,0.0,0,0,0,0,0,1320.96,1198.08,1320.96,1320.96,0.0,0.0,1198.08,1320.96,1320.96,767.0,0.0,0.0,0.0,0.0,0.0,0,0,0,0,0,1,2,2,3,3,0,1,1,1,2,-1,-1,-1,-1,-1,-1,-1,-1,-1,-1,117594.0,-31896284221.10689
1.1,99.9,52.0,47.0,3,4,1,1,75.53,116.98,101.0,98.47,44.217583000145645,4019.5493187834336,2086.7698004030135,1891.971885611855,19.7,24.0,21.0,24.2,18029.546875,18898.96484375,15629.29296875,20322.18359375,0.0,0.0,0.0,2460.035580662626,2134.2687636893925,0.0,1559.3973451577037,1652.403874426099,1654.0707044991996,2248.720007374979,0.0,0.0,0.0,0.0,0.0,0,0,0,0,0,0.0,0.0,0.0,40.99059933580428,39.295391553997,0.0,97.64084519634822,25.866211020931228,25.627938765981543,23.870168909958064,0.0,0.0,0.0,0.0,0.0,0,0,0,0,0,0.0,0.0,0.0,1320.96,1320.96,0.0,1198.08,1320.96,1320.96,767.0,0.0,0.0,0.0,0.0,0.0,0,0,0,0,0,0,0,0,3,1,-1,1,1,1,2,-1,-1,-1,-1,-1,-1,-1,-1,-1,-1,121982.7,-63792569131.26124
0.20000000000000004,99.2,98.0,45.9,0,2,2,3,75.26,116.83999999999999,116.6,97.90899999999999,8.039560545481027,3991.3843085417075,3932.758469990295,1847.6916925443436,19.7,20.7,40.2,22.9,18029.171875,18896.03125,15630.71484375,20443.8828125,3227.6348889373307,0.0,0.0,0.0,3271.0268727720486,0.0,0.0,3273.437259060243,0.0,3190.870340175719,0.0,0.0,0.0,0.0,0.0,0,0,0,0,0,22.37022702459988,0.0,0.0,0.0,9.019190765226547,0.0,0.0,34.33073522545523,0.0,755.2090209818692,0.0,0.0,0.0,0.0,0.0,0,0,0,0,0,1320.96,0.0,0.0,0.0,1320.96,0.0,0.0,1320.96,0.0,767.0,0.0,0.0,0.0,0.0,0.0,0,0,0,0,0,2,-1,-1,3,1,-1,3,1,3,2,-1,-1,-1,-1,-1,-1,-1,-1,-1,-1,122082.9,-42528379638.61224
0.6,99.8,100.0,45.3,1,2,3,1,75.38,116.96000000000001,117.0,97.60300000000001,24.118681636443075,4015.525745891758,4013.0188469288723,1823.5388599620644,20.0,20.7,38.8,26.2,18056.99609375,18897.2890625,15630.66015625,20442.125,0.0,2288.1983510442496,1674.2973815506894,1537.135114423447,3199.8337288739212,0.0,0.0,3289.3224257285488,0.0,1795.468707360878,0.0,0.0,0.0,0.0,0.0,0,0,0,0,0,0.0,136.93219461749143,93.31669698231029,35.84236130220508,18.659451834338334,0.0,0.0,16.495471027090392,0.0,643.8461481913432,0.0,0.0,0.0,0.0,0.0,0,0,0,0,0,0.0,1198.08,1198.08,1320.96,1320.96,0.0,0.0,1320.96,0.0,767.0,0.0,0.0,0.0,0.0,0.0,0,0,0,0,0,0,3,2,2,1,-1,-1,1,-1,2,-1,-1,-1,-1,-1,-1,-1,-1,-1,-1,113852.1,-63792569898.38026
43.7,99.50000000000001,29.4,4.500000000000001,5,2,0,1,96.787,116.89999999999999,89.27,76.55000000000001,1756.6439791876044,4003.455027216733,1179.8275409970884,181.14624436709252,24.3,20.7,17.5,23.3,18959.38671875,18897.15625,15627.19921875,20534.0703125,2021.5882918914117,0.0,0.0,0.0,3255.8273002579185,3315.1560019308317,0.0,0.0,0.0,0.0,0.0,0.0,0.0,0.0,0.0,0,0,0,0,0,106.8748716012835,0.0,0.0,0.0,36.115824086307775,39.818809294378276,0.0,0.0,0.0,0.0,0.0,0.0,0.0,0.0,0.0,0,0,0,0,0,1198.08,0.0,0.0,0.0,1320.96,1320.96,0.0,0.0,0.0,0.0,0.0,0.0,0.0,0.0,0.0,0,0,0,0,0,0,0,3,0,1,1,-1,0,-1,0,-1,-1,-1,-1,-1,-1,-1,-1,-1,-1,109689.9,-63792570298.76074
46.29999999999999,100.0,0.2,0.2,1,3,0,0,98.113,117.0,75.25999999999999,75.25999999999999,1861.1582662788571,4023.572891675108,8.026037693857745,8.050944194093,20.8,21.8,17.5,22.6,18958.94140625,18901.05859375,15627.21484375,20533.953125,0.0,2672.0137468453454,0.0,0.0,1893.166363598812,2248.648428910196,0.0,0.0,0.0,0.0,0.0,0.0,0.0,0.0,0.0,0,0,0,0,0,0.0,42.787447224898926,0.0,0.0,19.44067234237009,19.659414084618973,0.0,0.0,0.0,0.0,0.0,0.0,0.0,0.0,0.0,0,0,0,0,0,0.0,1320.96,0.0,0.0,1320.96,1320.96,0.0,0.0,0.0,0.0,0.0,0.0,0.0,0.0,0.0,0,0,0,0,0,0,1,-1,-1,1,1,-1,-1,-1,-1,-1,-1,-1,-1,-1,-1,-1,-1,-1,-1,113010.0,271.580183
0.5,50.7,50.4,51.6,1,1,1,3,75.35,100.35,100.2,100.8,20.098901363702563,2039.95145607928,2022.5614988521515,2077.1436020759943,21.0,19.3,20.9,26.9,18977.4453125,18895.87109375,15627.40234375,20571.32421875,2011.2349379619266,0.0,1990.4406741820758,2602.6786245982776,0.0,0.0,0.0,0.0,0.0,0.0,0.0,0.0,0.0,0.0,0.0,0,0,0,0,0,66.95053102874837,0.0,93.20732621983626,25.54200451009805,0.0,0.0,0.0,0.0,0.0,0.0,0.0,0.0,0.0,0.0,0.0,0,0,0,0,0,1198.08,0.0,1198.08,1320.96,0.0,0.0,0.0,0.0,0.0,0.0,0.0,0.0,0.0,0.0,0.0,0,0,0,0,0,3,3,2,1,0,3,-1,-1,-1,-1,-1,-1,-1,-1,-1,-1,-1,-1,-1,-1,97947.3,-63792570992.02413
2.0,1.9,2.3,48.1,3,0,0,1,75.80000000000001,75.77000000000001,75.89,99.031,80.39560545481025,76.44788494182706,92.29943347936405,1936.2520786793666,21.8,17.0,17.4,27.3,19187.6953125,18893.26171875,15627.21875,20571.0859375,0.0,2270.408095983019,0.0,0.0,0.0,0.0,0.0,0.0,0.0,0.0,0.0,0.0,0.0,0.0,0.0,0,0,0,0,0,0.0,93.75418003220643,0.0,0.0,0.0,0.0,0.0,0.0,0.0,0.0,0.0,0.0,0.0,0.0,0.0,0,0,0,0,0,0.0,1198.08,0.0,0.0,0.0,0.0,0.0,0.0,0.0,0.0,0.0,0.0,0.0,0.0,0.0,0,0,0,0,0,0,3,0,0,-1,-1,-1,-1,-1,-1,-1,-1,-1,-1,-1,-1,-1,-1,-1,-1,112357.8,-63792571299.58901
50.29999999999999,46.6,0.2,51.7,2,1,0,1,100.14999999999999,98.266,75.25999999999999,100.85,2021.9494771884777,1874.9849675206005,8.026037693857745,2081.1690741730404,25.2,20.3,17.4,27.3,19282.30859375,18893.43359375,15627.22265625,20571.109375,2017.8227084538883,0.0,2279.3614537767194,2251.3114783528795,0.0,0.0,0.0,0.0,0.0,0.0,0.0,0.0,0.0,0.0,0.0,0,0,0,0,0,815.336407617496,0.0,93.1331103453003,97.93770898940028,0.0,0.0,0.0,0.0,0.0,0.0,0.0,0.0,0.0,0.0,0.0,0,0,0,0,0,767.0,0.0,1198.08,1198.08,0.0,0.0,0.0,0.0,0.0,0.0,0.0,0.0,0.0,0.0,0.0,0,0,0,0,0,0,0,3,1,-1,-1,-1,-1,-1,-1,-1,-1,-1,-1,-1,-1,-1,-1,-1,-1,117459.9,-63792571615.92209
54.1,98.1,0.2,45.3,1,3,0,1,102.05,116.62,75.25999999999999,97.60300000000001,2174.7011275526174,3947.1250067332808,8.026037693857745,1823.5388599620644,25.4,22.1,17.4,27.4,19281.73828125,19115.1875,15627.23046875,20571.12109375,0.0,3353.464095481885,2240.239386682284,3241.9485922721874,1993.3382771792787,0.0,0.0,0.0,0.0,0.0,0.0,0.0,0.0,0.0,0.0,0,0,0,0,0,0.0,25.459976356754716,95.74629034869778,95.57451695260424,94.38706178039598,0.0,0.0,0.0,0.0,0.0,0.0,0.0,0.0,0.0,0.0,0,0,0,0,0,0.0,1320.96,1198.08,1198.08,1198.08,0.0,0.0,0.0,0.0,0.0,0.0,0.0,0.0,0.0,0.0,0,0,0,0,0,1,1,3,1,0,-1,-1,-1,-1,-1,-1,-1,-1,-1,-1,-1,-1,-1,-1,-1,117756.9,-63792571968.48563
54.89999999999999,100.0,0.9000000000000001,45.3,1,3,1,1,102.45,117.0,75.47,97.60300000000001,2206.8593697345414,4023.572891675108,36.11716962235985,1823.5388599620644,23.7,23.6,17.8,25.6,19284.66015625,19117.6640625,15722.125,20571.14453125,2259.241915511761,1823.9631494086302,2232.7267597681657,2444.39301072527,0.0,2180.3071549107767,0.0,0.0,0.0,0.0,0.0,0.0,0.0,0.0,0.0,0,0,0,0,0,17.89776183900738,19.909404647189138,96.12908801735692,95.05109921222297,0.0,39.455541758143504,0.0,0.0,0.0,0.0,0.0,0.0,0.0,0.0,0.0,0,0,0,0,0,1320.96,1320.96,1198.08,1198.08,0.0,1320.96,0.0,0.0,0.0,0.0,0.0,0.0,0.0,0.0,0.0,0,0,0,0,0,1,1,3,1,2,0,-1,-1,-1,-1,-1,-1,-1,-1,-1,-1,-1,-1,-1,-1,115921.2,-63792572339.82266
42.5,100.0,0.4,45.9,1,2,1,2,96.17500000000001,117.0,75.32,97.90899999999999,1708.4066159147178,4023.572891675108,16.05207538771549,1847.6916925443436,25.3,21.6,18.1,27.4,19283.4140625,19115.35546875,15731.41796875,20571.26953125,0.0,3308.548458079955,2296.3097396652743,3075.270935865081,2279.974560368158,0.0,0.0,0.0,0.0,0.0,0.0,0.0,0.0,0.0,0.0,0,0,0,0,0,0.0,27.584896138601074,92.9260871163316,96.12137130822646,95.14093957064662,0.0,0.0,0.0,0.0,0.0,0.0,0.0,0.0,0.0,0.0,0,0,0,0,0,0.0,1320.96,1198.08,1198.08,1198.08,0.0,0.0,0.0,0.0,0.0,0.0,0.0,0.0,0.0,0.0,0,0,0,0,0,2,1,3,1,0,3,-1,-1,-1,-1,-1,-1,-1,-1,-1,-1,-1,-1,-1,-1,119251.5,-63792573242.352776
48.1,100.0,48.9,16.5,1,2,1,1,99.031,117.0,99.43900000000001,82.035,1933.5143111881866,4023.572891675108,1962.3662161482184,664.2028960126726,25.3,21.4,21.7,24.0,19283.4375,19115.703125,15731.5078125,20571.171875,2007.6269248097212,3285.6019745822814,0.0,3248.069043738642,2311.113490251438,0.0,0.0,0.0,0.0,0.0,0.0,0.0,0.0,0.0,0.0,0,0,0,0,0,99.80472685621643,24.335018825188996,0.0,97.80490150303487,95.49639490180107,0.0,0.0,0.0,0.0,0.0,0.0,0.0,0.0,0.0,0.0,0,0,0,0,0,1198.08,1320.96,0.0,1198.08,1198.08,0.0,0.0,0.0,0.0,0.0,0.0,0.0,0.0,0.0,0.0,0,0,0,0,0,2,1,3,1,0,-1,-1,-1,-1,-1,-1,-1,-1,-1,-1,-1,-1,-1,-1,-1,118146.9,85.74942300000001
47.3,99.9,55.50000000000001,0.8999999999999999,1,2,1,1,98.623,116.98,102.75,75.47,1901.3560690062625,4019.5493187834336,2227.2254600455244,36.2292488734185,25.3,20.4,20.5,24.3,19283.484375,19115.7265625,15733.0,20669.51171875,0.0,1981.247224825839,2093.587156553036,1946.195175549221,2292.909775964403,0.0,0.0,0.0,0.0,0.0,0.0,0.0,0.0,0.0,0.0,0,0,0,0,0,0.0,26.670868144203933,33.69010094066247,93.30507137677199,93.96129660351868,0.0,0.0,0.0,0.0,0.0,0.0,0.0,0.0,0.0,0.0,0,0,0,0,0,0.0,1320.96,1320.96,1198.08,1198.08,0.0,0.0,0.0,0.0,0.0,0.0,0.0,0.0,0.0,0.0,0,0,0,0,0,3,1,2,1,0,-1,-1,-1,-1,-1,-1,-1,-1,-1,-1,-1,-1,-1,-1,-1,110117.7,-63792573394.22911
48.9,99.9,0.5,0.3,2,2,1,0,99.43900000000001,116.98,75.35,75.29,1965.6725533701108,4019.5493187834336,20.065094234644363,12.076416291139498,25.7,22.5,18.7,23.4,19298.46875,19115.27734375,15733.01171875,20669.4140625,3229.5650935730027,0.0,0.0,3374.798476778089,2295.593897450815,0.0,0.0,0.0,0.0,0.0,0.0,0.0,0.0,0.0,0.0,0,0,0,0,0,27.330999473490756,0.0,0.0,97.77365268271362,20.600784796797235,0.0,0.0,0.0,0.0,0.0,0.0,0.0,0.0,0.0,0.0,0,0,0,0,0,1320.96,0.0,0.0,1198.08,1198.08,0.0,0.0,0.0,0.0,0.0,0.0,0.0,0.0,0.0,0.0,0,0,0,0,0,1,0,2,1,0,-1,-1,-1,-1,-1,-1,-1,-1,-1,-1,-1,-1,-1,-1,-1,111033.0,-31896286891.50708
5.6000000000000005,99.9,1.0,51.49999999999999,0,2,1,2,76.88,116.98,75.5,100.75,225.10769527346872,4019.5493187834336,40.130188469288726,2073.1181299789473,22.2,22.5,19.0,27.4,19298.140625,19116.79296875,15830.06640625,20737.765625,3205.6387590681497,3111.6120221471006,2001.407166386148,0.0,0.0,0.0,0.0,0.0,0.0,0.0,0.0,0.0,0.0,0.0,0.0,0,0,0,0,0,23.47567626635407,94.69954998360866,2.745987357830228,0.0,0.0,0.0,0.0,0.0,0.0,0.0,0.0,0.0,0.0,0.0,0.0,0,0,0,0,0,1320.96,1198.08,1198.08,0.0,0.0,0.0,0.0,0.0,0.0,0.0,0.0,0.0,0.0,0.0,0.0,0,0,0,0,0,1,1,3,2,3,-1,-1,-1,-1,-1,-1,-1,-1,-1,-1,-1,-1,-1,-1,-1,107581.2,-63792574082.07732
0.20000000000000004,100.0,0.2,32.800000000000004,0,3,0,1,75.26,117.0,75.25999999999999,91.084,8.039560545481027,4023.572891675108,8.026037693857745,1320.354847831252,22.2,34.6,18.2,24.1,19298.140625,19116.7265625,15829.94921875,20737.6796875,2212.6212665377802,2358.1023878850046,0.0,1982.0417971026409,0.0,0.0,0.0,0.0,0.0,0.0,0.0,0.0,0.0,0.0,0.0,0,0,0,0,0,5.863059912778279,94.71908049630947,0.0,39.252424426055256,0.0,0.0,0.0,0.0,0.0,0.0,0.0,0.0,0.0,0.0,0.0,0,0,0,0,0,1320.96,1198.08,0.0,767.0,0.0,0.0,0.0,0.0,0.0,0.0,0.0,0.0,0.0,0.0,0.0,0,0,0,0,0,1,1,3,1,-1,-1,-1,-1,-1,-1,-1,-1,-1,-1,-1,-1,-1,-1,-1,-1,122352.9,173.813423
0.20000000000000004,100.0,99.8,47.3,0,3,2,1,75.26,117.0,116.96000000000001,98.623,8.039560545481027,4023.572891675108,4004.9928092350146,1904.0483019029944,22.2,41.6,31.5,25.6,19298.140625,19115.8671875,15830.90625,20737.6328125,1921.304074808719,2281.821738708155,2299.0855863148386,2451.8158718141813,1982.5648360980192,1993.3771886453176,0.0,0.0,0.0,0.0,0.0,0.0,0.0,0.0,0.0,0,0,0,0,0,39.119616939689855,96.14480792346741,63.49363371483692,563.2482679832708,22.42100630717711,78.48133427243944,0.0,0.0,0.0,0.0,0.0,0.0,0.0,0.0,0.0,0,0,0,0,0,1320.96,1198.08,1198.08,767.0,767.0,1198.08,0.0,0.0,0.0,0.0,0.0,0.0,0.0,0.0,0.0,0,0,0,0,0,1,1,3,1,2,2,-1,-1,-1,-1,-1,-1,-1,-1,-1,-1,-1,-1,-1,-1,112734.0,0.0
0.20000000000000004,100.0,8.8,61.70000000000001,0,5,0,3,75.26,117.0,77.84,105.68,8.039560545481027,4023.572891675108,353.1456585297408,2483.716283877691,22.2,48.0,18.2,28.0,19298.14453125,19117.2734375,15830.0078125,21614.86328125,1566.5428942041053,1273.3538091428122,2325.1746801513327,1462.3256184871054,0.0,0.0,1314.3730667415102,1311.4197065770295,0.0,0.0,0.0,0.0,0.0,0.0,0.0,0,0,0,0,0,33.6237306656865,93.37928732503502,123.12804195380431,714.7152061830067,0.0,0.0,734.9800661613502,34.252613174652055,0.0,0.0,0.0,0.0,0.0,0.0,0.0,0,0,0,0,0,1320.96,1198.08,1198.08,767.0,0.0,0.0,767.0,1320.96,0.0,0.0,0.0,0.0,0.0,0.0,0.0,0,0,0,0,0,1,1,3,1,3,3,1,1,-1,-1,-1,-1,-1,-1,-1,-1,-1,-1,-1,-1,113055.0,-63792575259.93394
0.20000000000000004,68.5,3.7000000000000006,99.4,0,1,2,4,75.26,108.4,76.31,116.88,8.039560545481027,2756.147430797449,148.48169733636828,4001.3192644642213,22.2,18.0,18.9,27.5,19298.1484375,19115.70703125,16797.39453125,21860.03515625,0.0,0.0,3224.833691975104,0.0,3291.6294773255822,0.0,0.0,0.0,0.0,0.0,0.0,0.0,0.0,0.0,0.0,0,0,0,0,0,0.0,0.0,124.49517648472977,0.0,118.93679809185292,0.0,0.0,0.0,0.0,0.0,0.0,0.0,0.0,0.0,0.0,0,0,0,0,0,0.0,0.0,1198.08,0.0,1320.96,0.0,0.0,0.0,0.0,0.0,0.0,0.0,0.0,0.0,0.0,0,0,0,0,0,1,2,3,2,3,-1,3,3,-1,-1,-1,-1,-1,-1,-1,-1,-1,-1,-1,-1,114222.0,-51034060644.35042
0.20000000000000004,0.2,84.4,99.50000000000001,0,0,3,2,75.26,75.25999999999999,113.32000000000001,116.89999999999999,8.039560545481027,8.047145783350217,3386.9879068079686,4005.344736561268,22.2,17.3,25.4,28.2,19298.15625,19114.02734375,16877.9375,21869.80859375,3245.4002987612275,3322.2897136235497,0.0,1986.4770123733363,3153.2373229980003,0.0,0.0,0.0,0.0,0.0,0.0,0.0,0.0,0.0,0.0,0,0,0,0,0,125.0576546917391,34.553348744475386,0.0,96.18377339859393,127.05367110689019,0.0,0.0,0.0,0.0,0.0,0.0,0.0,0.0,0.0,0.0,0,0,0,0,0,1198.08,1320.96,0.0,1198.08,1320.96,0.0,0.0,0.0,0.0,0.0,0.0,0.0,0.0,0.0,0.0,0,0,0,0,0,2,3,2,2,3,-1,-1,-1,-1,-1,-1,-1,-1,-1,-1,-1,-1,-1,-1,-1,117045.3,-63792576222.910645
0.20000000000000004,43.1,52.900000000000006,99.8,0,2,1,2,75.26,96.481,101.45000000000002,116.96000000000001,8.039560545481027,1734.1599163119715,2122.8869700253736,4017.421152852407,22.2,32.4,22.7,27.8,19298.16015625,19207.69140625,16877.65625,21867.6015625,0.0,3141.6107041878513,2304.2205031717485,2272.2912716671754,3141.3446152243896,0.0,0.0,0.0,0.0,0.0,0.0,0.0,0.0,0.0,0.0,0,0,0,0,0,0.0,33.32292766664249,272.65376950816085,98.18369591240484,122.22963926205331,0.0,0.0,0.0,0.0,0.0,0.0,0.0,0.0,0.0,0.0,0,0,0,0,0,0.0,1320.96,767.0,1198.08,1320.96,0.0,0.0,0.0,0.0,0.0,0.0,0.0,0.0,0.0,0.0,0,0,0,0,0,1,3,1,2,3,-1,-1,-1,-1,-1,-1,-1,-1,-1,-1,-1,-1,-1,-1,-1,120646.5,-63792576563.038376
3.7999999999999994,77.1,45.5,99.9,1,1,1,2,76.34,111.13,97.70500000000001,116.98,152.75165036413946,3102.174699481508,1825.923575352637,4021.446624949454,22.6,21.6,22.7,27.3,19912.20703125,19207.0546875,16877.68359375,21867.859375,2285.9243057991416,3342.7508084384385,0.0,2245.9943243930556,3183.630563233092,0.0,0.0,0.0,0.0,0.0,0.0,0.0,0.0,0.0,0.0,0,0,0,0,0,104.86322879310174,38.20945709003597,0.0,95.37130487735823,127.76067496431163,0.0,0.0,0.0,0.0,0.0,0.0,0.0,0.0,0.0,0.0,0,0,0,0,0,1198.08,1320.96,0.0,1198.08,1320.96,0.0,0.0,0.0,0.0,0.0,0.0,0.0,0.0,0.0,0.0,0,0,0,0,0,1,3,0,2,3,-1,-1,-1,-1,-1,-1,-1,-1,-1,-1,-1,-1,-1,-1,-1,105542.4,-63792576896.70692
0.7000000000000001,45.3,50.6,10.5,1,1,2,1,75.41,97.60300000000001,100.3,78.495,28.13846190918359,1822.6785199288238,2030.5875365460095,422.6745701898825,22.6,21.3,20.9,25.2,19945.81640625,19207.09375,16878.87109375,21866.6015625,2256.628912432992,0.0,2536.5624008889486,0.0,0.0,0.0,0.0,0.0,0.0,0.0,0.0,0.0,0.0,0.0,0.0,0,0,0,0,0,110.53098357887207,0.0,44.509994228272326,0.0,0.0,0.0,0.0,0.0,0.0,0.0,0.0,0.0,0.0,0.0,0.0,0,0,0,0,0,1198.08,0.0,1320.96,0.0,0.0,0.0,0.0,0.0,0.0,0.0,0.0,0.0,0.0,0.0,0.0,0,0,0,0,0,1,0,2,2,3,-1,-1,-1,-1,-1,-1,-1,-1,-1,-1,-1,-1,-1,-1,-1,97934.7,-21264192397.59727
1.1,4.7,47.9,0.6,1,0,1,1,75.53,76.61000000000001,98.929,75.38,44.217583000145645,189.1079259087301,1922.2360276789298,24.152832582278997,22.8,17.5,22.8,25.5,20040.58203125,19206.953125,16877.65234375,21896.77734375,0.0,2014.4608932485896,0.0,0.0,0.0,0.0,0.0,0.0,0.0,0.0,0.0,0.0,0.0,0.0,0.0,0,0,0,0,0,0.0,97.49622254828233,0.0,0.0,0.0,0.0,0.0,0.0,0.0,0.0,0.0,0.0,0.0,0.0,0.0,0,0,0,0,0,0.0,1198.08,0.0,0.0,0.0,0.0,0.0,0.0,0.0,0.0,0.0,0.0,0.0,0.0,0.0,0,0,0,0,0,0,2,3,-1,-1,-1,-1,-1,-1,-1,-1,-1,-1,-1,-1,-1,-1,-1,-1,-1,105702.0,-63792577563.75381
1.0,0.3,52.2,50.9,1,0,1,1,75.5,75.29,101.10000000000001,100.45,40.197802727405126,12.070718675025324,2094.7958380968716,2048.9652973966686,23.0,17.5,20.8,28.8,20133.83203125,19206.98828125,16878.6640625,21896.8515625,2647.277755114008,0.0,2273.950007113657,0.0,0.0,0.0,0.0,0.0,0.0,0.0,0.0,0.0,0.0,0.0,0.0,0,0,0,0,0,41.295275031267664,0.0,96.1603368066352,0.0,0.0,0.0,0.0,0.0,0.0,0.0,0.0,0.0,0.0,0.0,0.0,0,0,0,0,0,1320.96,0.0,1198.08,0.0,0.0,0.0,0.0,0.0,0.0,0.0,0.0,0.0,0.0,0.0,0.0,0,0,0,0,0,2,0,3,-1,-1,-1,-1,-1,-1,-1,-1,-1,-1,-1,-1,-1,-1,-1,-1,-1,117201.3,-63792577868.30476
95.0,0.8,48.1,50.4,2,1,1,1,116.0,75.44000000000001,99.031,100.2,3818.7912591034874,32.18858313340087,1930.2620653727877,2028.837936911436,28.3,18.0,21.1,26.8,20136.0234375,19300.59765625,16878.921875,21896.8203125,2649.8170986615987,1976.7516357707377,0.0,1999.1986607824556,2290.7950241884605,0.0,0.0,0.0,0.0,0.0,0.0,0.0,0.0,0.0,0.0,0,0,0,0,0,28.631703176238364,44.16630142157496,0.0,842.6244399630449,95.55098541570844,0.0,0.0,0.0,0.0,0.0,0.0,0.0,0.0,0.0,0.0,0,0,0,0,0,1320.96,1320.96,0.0,767.0,1198.08,0.0,0.0,0.0,0.0,0.0,0.0,0.0,0.0,0.0,0.0,0,0,0,0,0,2,0,1,0,3,-1,-1,-1,-1,-1,-1,-1,-1,-1,-1,-1,-1,-1,-1,-1,134951.7,-63792578198.83721
98.6,48.900000000000006,98.5,99.9,2,2,3,2,116.72,99.43900000000001,116.7,116.98,3963.5033489221455,1967.527144029128,3952.823564224939,4021.446624949454,39.3,21.8,24.2,31.4,20136.05859375,19323.5546875,17091.84375,21896.984375,3308.120599600668,0.0,3275.9142945802973,0.0,3349.552727402995,1963.6135073506753,2004.541116058635,2007.077114234294,3331.524695862024,0.0,0.0,0.0,0.0,0.0,0.0,0,0,0,0,0,34.67053170426899,0.0,69.07544869967248,0.0,93.1370164439601,21.784333866465335,86.95374864647388,807.3015546923895,96.56657106725305,0.0,0.0,0.0,0.0,0.0,0.0,0,0,0,0,0,1320.96,0.0,1198.08,0.0,1198.08,1320.96,1198.08,767.0,1198.08,0.0,0.0,0.0,0.0,0.0,0.0,0,0,0,0,0,2,1,2,2,3,0,1,0,3,-1,-1,-1,-1,-1,-1,-1,-1,-1,-1,-1,131834.7,-63792578547.0764
99.8,35.3,83.6,100.0,3,1,2,2,116.96000000000001,92.40899999999999,113.08,117.0,4011.740712195032,1420.321230761313,3354.8837560325373,4025.4720970465,29.0,18.6,23.2,31.4,20136.9375,19323.46484375,17091.85546875,21897.0234375,0.0,1972.4118809882868,2279.9030564981585,0.0,3248.5973039512387,0.0,0.0,2003.8663107216623,3273.207670696722,0.0,0.0,0.0,0.0,0.0,0.0,0,0,0,0,0,0.0,117.16354569206163,93.77761662416516,0.0,94.83226326230765,0.0,0.0,799.3916970485681,95.77753913797608,0.0,0.0,0.0,0.0,0.0,0.0,0,0,0,0,0,0.0,1198.08,1198.08,0.0,1198.08,0.0,0.0,767.0,1198.08,0.0,0.0,0.0,0.0,0.0,0.0,0,0,0,0,0,2,0,2,-1,3,0,1,0,3,-1,-1,-1,-1,-1,-1,-1,-1,-1,-1,-1,127590.0,125.937146
100.0,0.2,95.19999999999999,100.0,2,0,2,2,117.0,75.25999999999999,116.03999999999999,117.0,4019.780272740513,8.047145783350217,3820.3939422762865,4025.4720970465,40.3,18.1,24.2,31.4,20135.35546875,19323.25,17091.28515625,21897.046875,1960.1514709771343,3463.192867048542,1971.3971952137101,0.0,3208.121769665815,0.0,0.0,3268.0429003485915,3265.5856569318007,0.0,0.0,0.0,0.0,0.0,0.0,0,0,0,0,0,39.71330507405395,117.22604333270418,69.51293174956861,0.0,92.34798451468313,0.0,0.0,229.13978721079246,98.04698245931232,0.0,0.0,0.0,0.0,0.0,0.0,0,0,0,0,0,1320.96,1198.08,1198.08,0.0,1198.08,0.0,0.0,767.0,1198.08,0.0,0.0,0.0,0.0,0.0,0.0,0,0,0,0,0,2,0,2,-1,3,-1,-1,0,3,-1,-1,-1,-1,-1,-1,-1,-1,-1,-1,-1,122654.7,0.0
100.0,0.7,100.0,48.9,2,1,3,1,117.0,75.41000000000001,117.0,99.43900000000001,4019.780272740513,28.165010241725753,4013.0188469288723,1968.4558554557384,43.7,18.4,24.0,28.8,20135.42578125,19418.23046875,17091.66015625,21896.90234375,1609.3949985314803,3303.010530719213,2093.0378944082627,2073.708493124481,2275.348773955842,0.0,0.0,3329.173066340429,0.0,0.0,0.0,0.0,0.0,0.0,0.0,0,0,0,0,0,32.27999932447938,116.21436277480305,99.73832317900005,93.57840559251603,93.01592738550671,0.0,0.0,511.37522624996274,0.0,0.0,0.0,0.0,0.0,0.0,0.0,0,0,0,0,0,1320.96,1198.08,1198.08,1198.08,1198.08,0.0,0.0,767.0,0.0,0.0,0.0,0.0,0.0,0.0,0.0,0,0,0,0,0,2,0,2,2,3,-1,-1,0,1,-1,-1,-1,-1,-1,-1,-1,-1,-1,-1,-1,121532.4,-63792579704.84032
100.0,0.3,100.0,41.8,3,1,2,1,117.0,75.29,117.0,95.818,4019.780272740513,12.070718675025324,4013.0188469288723,1682.647336565437,48.9,18.6,25.8,25.5,20135.66015625,19436.6328125,17090.421875,21896.91796875,0.0,1485.486887043702,3284.8844628189922,3235.2538227477453,0.0,1971.404541075398,0.0,1289.3361352099803,0.0,0.0,0.0,0.0,0.0,0.0,0.0,0,0,0,0,0,0.0,119.71032454824511,72.40344475781095,96.07049653746009,0.0,65.4858090857614,0.0,773.7793826927472,0.0,0.0,0.0,0.0,0.0,0.0,0.0,0,0,0,0,0,0.0,1198.08,1198.08,1198.08,0.0,1198.08,0.0,767.0,0.0,0.0,0.0,0.0,0.0,0.0,0.0,0,0,0,0,0,1,0,2,2,3,0,-1,0,-1,-1,-1,-1,-1,-1,-1,-1,-1,-1,-1,-1,115632.0,-31896289923.8884
99.8,0.2,100.0,3.3999999999999995,2,0,2,2,116.96000000000001,75.25999999999999,117.0,76.22,4011.740712195032,8.047145783350217,4013.0188469288723,136.866051299581,29.1,18.5,23.6,26.0,20142.24609375,19436.5234375,17090.4609375,22117.82421875,3338.1364478757923,3342.258297346136,3275.138964635541,3276.3194221169356,0.0,0.0,0.0,0.0,0.0,0.0,0.0,0.0,0.0,0.0,0.0,0,0,0,0,0,93.68786942570755,117.11276635903955,94.0940106156079,95.64082568488352,0.0,0.0,0.0,0.0,0.0,0.0,0.0,0.0,0.0,0.0,0.0,0,0,0,0,0,1198.08,1198.08,1198.08,1198.08,0.0,0.0,0.0,0.0,0.0,0.0,0.0,0.0,0.0,0.0,0.0,0,0,0,0,0,0,0,2,2,-1,3,-1,3,-1,-1,-1,-1,-1,-1,-1,-1,-1,-1,-1,-1,115392.0,-63792580543.62902
100.0,0.2,100.0,0.6,2,0,2,1,117.0,75.25999999999999,117.0,75.38,4019.780272740513,8.047145783350217,4013.0188469288723,24.152832582278997,41.8,18.4,25.8,26.2,20142.48046875,19436.53515625,17090.50390625,22209.90625,3338.1364478757923,0.0,3302.891164759365,3151.2588406627383,0.0,0.0,0.0,0.0,0.0,0.0,0.0,0.0,0.0,0.0,0.0,0,0,0,0,0,93.68786942570755,0.0,96.164242905295,95.00803770199805,0.0,0.0,0.0,0.0,0.0,0.0,0.0,0.0,0.0,0.0,0.0,0,0,0,0,0,1198.08,0.0,1198.08,1198.08,0.0,0.0,0.0,0.0,0.0,0.0,0.0,0.0,0.0,0.0,0.0,0,0,0,0,0,0,3,2,2,0,-1,-1,-1,-1,-1,-1,-1,-1,-1,-1,-1,-1,-1,-1,-1,106539.0,-63792581232.36204
54.800000000000004,0.6,53.400000000000006,1.5,1,1,1,2,102.4,75.38,101.70000000000002,75.65,2202.839589461801,24.141437350050648,2142.952064260018,60.382081455697495,44.3,18.9,23.1,26.6,20142.72265625,19502.21875,17090.2578125,22392.9921875,0.0,2263.127184663923,0.0,0.0,2289.076660121777,0.0,0.0,0.0,0.0,0.0,0.0,0.0,0.0,0.0,0.0,0,0,0,0,0,0.0,97.03920900508727,0.0,0.0,676.0799459582964,0.0,0.0,0.0,0.0,0.0,0.0,0.0,0.0,0.0,0.0,0,0,0,0,0,0.0,1198.08,0.0,0.0,768.0,0.0,0.0,0.0,0.0,0.0,0.0,0.0,0.0,0.0,0.0,0,0,0,0,0,3,2,3,1,0,-1,-1,-1,-1,-1,-1,-1,-1,-1,-1,-1,-1,-1,-1,-1,109839.9,-63792581561.13572
