14.6,73.4,89.4,16.7,2643.917774,0,0,0,0,0,0,0,0,0,0,0,0,0,0,0,0,0,0,0,2,-1,-1,-1,-1,-1,-1,-1,-1,-1,-1,-1,-1,-1,-1,-1,-1,-1,-1,-1,1,0
49.6,0.2,49.1,0.2,0,2319.966704,2017.708573,0,0,0,0,0,0,0,0,0,0,0,0,0,0,0,0,0,0,2,0,-1,-1,-1,-1,-1,-1,-1,-1,-1,-1,-1,-1,-1,-1,-1,-1,-1,1,-63792539015
11.3,53.2,49.4,0.2,2009.259744,2249.946693,0,0,0,0,0,0,0,0,0,0,0,0,0,0,0,0,0,0,1,2,1,-1,-1,-1,-1,-1,-1,-1,-1,-1,-1,-1,-1,-1,-1,-1,-1,-1,0.666666667,-63792539328
0.2,98.3,46.7,0.2,3286.799014,0,3353.193259,0,0,0,0,0,0,0,0,0,0,0,0,0,0,0,0,0,1,2,1,-1,-1,-1,-1,-1,-1,-1,-1,-1,-1,-1,-1,-1,-1,-1,-1,-1,0.666666667,296.276976
50.4,50.4,45.2,51.2,2269.23215,2238.19803,0,1992.725196,2208.470705,0,0,0,0,0,0,0,0,0,0,0,0,0,0,0,1,2,3,3,0,-1,-1,-1,-1,-1,-1,-1,-1,-1,-1,-1,-1,-1,-1,-1,0.8,-63792539981
52.3,43.3,99.2,37.6,0,3229.180932,3254.531353,0,0,2001.155708,0,0,0,0,0,0,0,0,0,0,0,0,0,0,1,2,2,3,0,0,-1,-1,-1,-1,-1,-1,-1,-1,-1,-1,-1,-1,-1,-1,0.833333333,170.8493183
96.1,41.8,100,0.2,2251.584721,3191.667327,3381.201493,2554.181779,2868.094505,1697.133858,0,0,0,0,0,0,0,0,0,0,0,0,0,0,1,2,2,0,0,0,-1,-1,-1,-1,-1,-1,-1,-1,-1,-1,-1,-1,-1,-1,0.5,0
100,4.7,100,51.1,0,1997.73456,1992.934077,2084.835114,1664.715262,1778.897743,2005.998772,0,0,0,0,0,0,0,0,0,0,0,0,0,3,2,2,0,0,0,3,-1,-1,-1,-1,-1,-1,-1,-1,-1,-1,-1,-1,-1,1,-63792541065
100,1.4,100,58.8,3284.43986,0,3199.609993,949.0182013,2829.786646,1337.57832,0,0,1286.755924,1336.03812,0,0,0,0,0,0,0,0,0,0,2,1,2,0,0,0,3,3,0,0,-1,-1,-1,-1,-1,-1,-1,-1,-1,-1,0.9,-21264180436
100,50.7,17.5,50.9,0,2262.859526,0,1107.989384,1285.399293,1287.411786,997.2567253,1129.847771,1087.771092,0,2284.230562,0,0,0,0,0,0,0,0,0,1,1,1,0,0,0,0,0,0,3,3,-1,-1,-1,-1,-1,-1,-1,-1,-1,0.727272727,-63792542070
100,98.1,0.6,1.8,1146.894392,3277.884031,3334.285524,1020.556392,0,1050.926547,1236.835688,1498.13992,1091.686671,0,0,0,0,0,0,0,0,0,0,0,0,1,1,0,1,0,0,0,0,-1,2,-1,-1,-1,-1,-1,-1,-1,-1,-1,0.7,-63792542641
100,100,0.2,0.1,1121.246376,0,3304.537443,1385.809595,3345.261119,1655.827942,1058.931962,1051.348906,790.8373006,0,0,0,0,0,0,0,0,0,0,0,0,1,1,0,1,0,0,0,0,-1,-1,-1,-1,-1,-1,-1,-1,-1,-1,-1,0.777777778,-1.932805
100,100,47.2,0.1,0,0,967.5564333,1259.238882,1007.433805,1079.972613,1153.811993,1498.658612,1088.946987,1710.254549,870.0429716,0,0,0,0,0,0,0,0,0,2,2,1,0,1,0,0,0,0,1,1,-1,-1,-1,-1,-1,-1,-1,-1,-1,0.909090909,-31896271726
100,100,51.1,0.3,2014.447853,1671.101218,1827.926216,0,2263.1699,1685.950728,0,1503.024112,1104.790134,2344.893425,0,0,0,0,0,0,0,0,0,0,2,0,1,2,1,0,3,0,0,1,2,-1,-1,-1,-1,-1,-1,-1,-1,-1,0.818181818,-63792544147
99.5,61.9,42.6,29.6,0,0,0,0,2250.711627,0,0,3283.447371,3369.165039,0,0,0,0,0,0,0,0,0,0,0,2,3,1,3,1,3,-1,0,0,3,-1,-1,-1,-1,-1,-1,-1,-1,-1,-1,0.666666667,-31896272382
100,45.1,49.1,0.2,2653.851097,0,0,0,2267.940904,0,0,3398.505446,3315.484909,0,0,0,0,0,0,0,0,0,0,0,2,-1,-1,-1,1,-1,-1,0,0,-1,-1,-1,-1,-1,-1,-1,-1,-1,-1,-1,0,0
99.7,45.1,99.8,0.8,3251.514243,3338.560365,3194.604105,0,2238.388946,0,0,3402.656214,0,0,0,0,0,0,0,0,0,0,0,0,2,0,2,-1,1,-1,-1,0,3,-1,-1,-1,-1,-1,-1,-1,-1,-1,-1,-1,1,-63792545511
100,14.8,100,0.4,0,3329.764226,3244.219201,3151.647835,0,0,0,3079.149761,0,0,0,0,0,0,0,0,0,0,0,0,3,0,2,2,1,-1,-1,0,-1,-1,-1,-1,-1,-1,-1,-1,-1,-1,-1,-1,0.833333333,-31896272898
100,0.2,100,0.5,3213.044653,0,3215.795651,3247.782524,0,0,0,3280.293907,0,0,0,0,0,0,0,0,0,0,0,0,0,3,2,2,-1,-1,-1,0,-1,-1,-1,-1,-1,-1,-1,-1,-1,-1,-1,-1,0.6,-63792546214
75.5,2.9,98.8,52,0,2624.670051,3328.443251,0,2006.189946,3112.987279,0,0,0,0,0,0,0,0,0,0,0,0,0,0,1,0,2,3,3,2,-1,3,-1,-1,-1,-1,-1,-1,-1,-1,-1,-1,-1,-1,0.857142857,-63792546765
46.9,49.4,99.8,50.5,2196.478531,2390.964658,0,3243.114429,2014.176721,3263.215131,0,0,0,0,0,0,0,0,0,0,0,0,0,0,1,0,1,2,3,2,-1,-1,-1,-1,-1,-1,-1,-1,-1,-1,-1,-1,-1,-1,0.5,-63792547089
92.9,51.1,99.9,48.6,0,1869.878175,0,3170.93102,0,3283.43036,2257.204441,2235.797425,1905.680866,0,0,0,0,0,0,0,0,0,0,0,1,0,3,2,1,2,1,0,0,-1,-1,-1,-1,-1,-1,-1,-1,-1,-1,-1,0.888888889,-21264182453
99.9,45.1,100,0.2,2082.235395,0,0,2128.08266,0,1966.612603,2238.610915,3323.950775,3238.341143,0,0,0,0,0,0,0,0,0,0,0,2,0,-1,2,-1,2,1,0,0,-1,-1,-1,-1,-1,-1,-1,-1,-1,-1,-1,0.571428571,6.561936
56.2,46.7,99.9,49.8,3249.870359,0,0,0,0,3184.450661,2272.363769,2277.466045,0,0,0,0,0,0,0,0,0,0,0,0,2,3,-1,1,-1,2,1,0,3,-1,-1,-1,-1,-1,-1,-1,-1,-1,-1,-1,0.857142857,-42528365441
91.2,22.2,100,99.4,3229.267695,3404.594528,3368.873974,3284.706725,0,3188.740712,0,3271.939138,0,0,0,0,0,0,0,0,0,0,0,0,2,0,3,3,-1,2,1,0,-1,-1,-1,-1,-1,-1,-1,-1,-1,-1,-1,-1,0.571428571,127.509276
99.9,0.2,46.6,100,2241.734536,3323.907576,0,3354.596221,3317.157538,0,3140.20115,0,0,0,0,0,0,0,0,0,0,0,0,0,2,0,3,3,3,2,0,0,-1,-1,-1,-1,-1,-1,-1,-1,-1,-1,-1,-1,0.875,-12.404746
99.9,91.3,45.4,99.6,2226.697417,3296.382444,1931.19294,2145.565558,0,3128.993941,3132.126795,3283.342474,1950.120992,0,0,0,0,0,0,0,0,0,0,0,2,0,3,3,1,1,0,1,3,-1,-1,-1,-1,-1,-1,-1,-1,-1,-1,-1,0.666666667,-63792549941
95,100,90.2,100,3221.270726,0,1941.460889,2032.600346,3308.021789,0,2694.116181,3338.614517,2473.153002,3259.595279,0,0,0,0,0,0,0,0,0,0,2,0,3,3,2,1,0,1,3,1,-1,-1,-1,-1,-1,-1,-1,-1,-1,-1,0.9,205.176346
15.9,100,100,100,0,3230.397029,2312.716727,2049.322093,3107.816348,0,0,3339.760511,2767.897905,3303.183189,0,0,0,0,0,0,0,0,0,0,2,2,3,3,2,-1,0,1,3,1,-1,-1,-1,-1,-1,-1,-1,-1,-1,-1,0.777777778,0.910215
47.9,100,99.8,100,1982.120798,2014.500561,3109.17611,0,0,2602.641394,2553.673166,3173.890483,3374.599935,3397.668182,0,0,0,0,0,0,0,0,0,0,2,2,3,3,0,0,2,1,3,1,-1,-1,-1,-1,-1,-1,-1,-1,-1,-1,0.8,-31896275616
5.4,100,99.9,100,3221.498517,0,2094.639561,2157.747784,1955.968537,0,3207.795257,2070.303742,2318.179669,2477.919822,0,0,0,0,0,0,0,0,0,0,2,0,3,1,3,0,2,1,3,1,-1,-1,-1,-1,-1,-1,-1,-1,-1,-1,0.8,-31896275971
3.1,100,51,100,0,1716.353763,0,1770.891786,3321.19289,1640.034739,2221.25176,1586.007034,3311.180828,0,0,0,0,0,0,0,0,0,0,0,0,1,3,1,3,1,2,1,3,0,-1,-1,-1,-1,-1,-1,-1,-1,-1,-1,0.8,-42528368161
0.2,100,45.3,100,1935.687688,1700.085733,0,1628.971076,2708.56478,1649.377413,2222.476666,1580.814515,2153.059756,0,0,0,0,0,0,0,0,0,0,0,3,1,-1,1,3,1,2,1,3,-1,-1,-1,-1,-1,-1,-1,-1,-1,-1,-1,0.625,0
0.2,100,90.4,100,1995.100311,2086.587025,3146.649813,2264.680614,1826.558794,2094.84096,3195.268971,0,1966.350646,0,0,0,0,0,0,0,0,0,0,0,3,1,2,1,3,1,2,1,3,-1,-1,-1,-1,-1,-1,-1,-1,-1,-1,-1,1,196.530763
0.3,100,100,99.9,3350.837259,2339.453006,1453.292283,1927.331899,0,2395.397193,1620.568329,1587.482467,3247.490149,1587.255891,0,0,0,0,0,0,0,0,0,0,3,1,2,1,0,1,2,2,3,2,-1,-1,-1,-1,-1,-1,-1,-1,-1,-1,0.9,-63792553701
0.2,100,100,100,1873.575907,1136.182688,1561.896221,1235.043326,2235.388462,1370.611667,1609.847053,1600.757082,1965.742929,1650.346389,0,0,0,0,0,0,0,0,0,0,3,1,2,1,3,1,2,2,3,2,-1,-1,-1,-1,-1,-1,-1,-1,-1,-1,0.9,0
1.6,100,100,11.6,0,3130.013373,1058.058189,0,0,3205.820975,1267.239849,1340.151588,0,2447.425292,1191.045402,0,0,0,0,0,0,0,0,0,0,1,2,0,0,1,2,2,3,2,2,-1,-1,-1,-1,-1,-1,-1,-1,-1,1,-47844415995
38.4,100,100,48.7,3260.943804,3291.660487,0,2027.968112,2310.425202,0,0,2364.777474,0,2072.429643,1575.652598,0,0,0,0,0,0,0,0,0,1,1,3,0,3,3,0,2,-1,2,2,-1,-1,-1,-1,-1,-1,-1,-1,-1,0.6,-63792555299
59.9,100,100,45.2,3298.799599,3357.360617,2007.865791,0,2279.201566,0,0,3219.578217,0,3245.150574,0,0,0,0,0,0,0,0,0,0,1,1,0,0,3,-1,-1,2,-1,2,0,-1,-1,-1,-1,-1,-1,-1,-1,-1,0.625,-31896277785
85.3,100,100,45.2,3331.036166,3331.256066,0,2114.914138,2277.678508,0,0,3336.941562,0,3172.683327,0,0,0,0,0,0,0,0,0,0,1,1,0,0,3,-1,-1,2,-1,2,-1,-1,-1,-1,-1,-1,-1,-1,-1,-1,0.714285714,242.130048
6,100,100,100,3344.742971,3275.59806,2105.322123,0,0,3433.578871,0,3269.557688,0,2963.914958,0,0,0,0,0,0,0,0,0,0,1,1,3,3,3,3,-1,2,-1,2,-1,-1,-1,-1,-1,-1,-1,-1,-1,-1,0.875,-31896278611
39.8,100,63.9,100,3354.521829,3343.38599,2359.059737,2384.898035,1993.631126,2359.182443,0,2246.979157,0,0,0,0,0,0,0,0,0,0,0,0,1,1,3,3,0,3,-1,2,-1,0,-1,-1,-1,-1,-1,-1,-1,-1,-1,-1,0.75,-63792556757
46.3,100,35.3,100,2056.72468,2719.046131,2288.487166,2126.225068,0,3137.191057,1958.656909,0,0,0,0,0,0,0,0,0,0,0,0,0,1,1,3,3,0,3,1,2,-1,-1,-1,-1,-1,-1,-1,-1,-1,-1,-1,-1,0.875,248.9387655
34,100,0.2,100,3258.769462,0,1785.984356,1949.659715,2270.567539,2334.272406,3122.695356,0,0,0,0,0,0,0,0,0,0,0,0,0,1,1,3,3,0,3,1,-1,-1,-1,-1,-1,-1,-1,-1,-1,-1,-1,-1,-1,0.714285714,23.274933
46.5,57.4,43.3,100,0,1215.561379,1133.295363,1227.350383,2301.510233,1424.211982,2648.071456,1280.813506,2263.373602,0,0,0,0,0,0,0,0,0,0,0,2,3,3,3,0,3,1,3,2,-1,-1,-1,-1,-1,-1,-1,-1,-1,-1,-1,0.888888889,-63792558011
52.2,28.6,45.9,100,1353.590172,1426.102599,1277.925329,1267.508761,2279.849652,1071.354015,0,0,2268.748585,0,0,0,0,0,0,0,0,0,0,0,3,3,3,3,0,3,1,0,2,-1,-1,-1,-1,-1,-1,-1,-1,-1,-1,-1,0.888888889,-31896279205
79.5,0.2,45.2,100,0,0,3347.940431,2918.46407,2279.118325,0,2714.070686,2029.27461,2255.678075,0,0,0,0,0,0,0,0,0,0,0,0,0,3,3,0,0,0,0,2,-1,-1,-1,-1,-1,-1,-1,-1,-1,-1,-1,0.777777778,-63792559143
100,90.9,95,49.8,3114.815123,3064.550733,0,2270.299623,0,3292.402211,3345.601373,3376.909344,3279.588877,0,0,0,0,0,0,0,0,0,0,0,2,1,3,3,0,1,0,0,2,-1,-1,-1,-1,-1,-1,-1,-1,-1,-1,-1,0.666666667,-44.067165
100,100,99.9,45,3216.340101,3345.877537,1971.80496,2265.141407,0,3330.887732,1362.119211,1211.962078,3293.583028,0,0,0,0,0,0,0,0,0,0,0,2,1,0,3,-1,1,0,0,2,-1,-1,-1,-1,-1,-1,-1,-1,-1,-1,-1,0.75,0
100,100,100,9.6,1341.630791,3284.122626,1663.519852,0,1637.310391,3247.965015,1672.528765,1701.097423,1288.767594,1525.951883,1706.885488,0,0,0,0,0,0,0,0,0,2,1,0,3,2,1,0,0,2,2,0,-1,-1,-1,-1,-1,-1,-1,-1,-1,1,-116.04477
100,100,100,0.2,1570.06734,2016.235512,1696.831903,2157.267962,1582.10354,2229.198868,1763.230526,1616.360369,1367.354881,1498.130549,1579.366718,0,0,0,0,0,0,0,0,0,2,1,0,1,2,1,0,0,2,2,0,-1,-1,-1,-1,-1,-1,-1,-1,-1,0.909090909,0
100,100,100,1.2,1568.470701,2196.429604,1552.331679,0,1581.278268,2029.226126,0,1482.332399,1837.072003,1352.423557,1660.309573,2150.653816,1567.319786,0,0,0,0,0,0,0,2,1,0,3,2,1,3,0,2,2,0,1,0,-1,-1,-1,-1,-1,-1,-1,1,-63792561742
100,100,100,0.3,0,2160.001761,1634.004349,1739.697895,2078.257652,2128.84697,0,1633.908952,2288.300953,2228.722484,0,2311.30334,1573.425178,0,0,0,0,0,0,0,2,1,0,0,2,1,-1,0,2,2,3,1,0,-1,-1,-1,-1,-1,-1,-1,0.833333333,-31896281235
100,76.7,100,3.2,1654.894088,0,1673.79386,1628.853606,2357.085439,0,0,1601.487381,2044.628921,2036.420129,0,2296.366876,0,0,0,0,0,0,0,0,0,3,0,0,2,3,-1,0,2,2,-1,1,3,-1,-1,-1,-1,-1,-1,-1,0.818181818,-63792562883
100,93.1,100,50.5,1344.84123,1754.89061,1241.439053,1305.148209,2593.414957,1476.167055,1624.809197,1128.66158,2432.801046,1702.274548,2012.66835,1726.719261,1304.099851,0,0,0,0,0,0,0,0,1,0,0,2,1,1,0,2,2,3,1,0,-1,-1,-1,-1,-1,-1,-1,0.769230769,0
100,100,100,50.6,1524.676513,1650.33308,1189.21427,1091.220792,3247.069722,1660.426129,1480.092138,1097.299387,3216.100134,0,2030.453583,1711.693872,1110.460987,998.8743092,0,0,0,0,0,0,0,1,0,0,2,1,1,0,2,2,3,1,0,0,-1,-1,-1,-1,-1,-1,1,-343.983796
100,100,100,28.8,0,2152.193343,0,2006.676389,1992.585336,1798.515998,0,1720.476454,2593.966373,2201.344731,0,0,1654.691465,1535.469511,2403.972336,0,0,0,0,0,3,1,3,0,2,1,3,0,2,2,3,3,0,0,1,-1,-1,-1,-1,-1,0.933333333,-51034051794
100,100,91.6,98.9,3271.789613,3267.175679,3328.603489,2111.045001,0,0,0,0,0,2254.31322,0,0,1738.641924,2340.928858,3311.606193,0,0,0,0,0,3,1,3,0,2,3,-1,3,3,2,-1,-1,0,0,1,-1,-1,-1,-1,-1,0.583333333,-47844423864
100,99.9,45.1,100,2338.066672,3306.489998,2460.773741,2317.53196,2024.38136,0,0,0,0,2213.604432,0,0,1983.295082,2221.802059,3261.005437,0,0,0,0,0,3,1,3,0,3,-1,-1,-1,-1,2,-1,-1,0,0,1,-1,-1,-1,-1,-1,0.555555556,0
100,86.1,45.2,100,1904.000225,2269.300274,1926.702194,2247.876765,2076.189236,1539.194501,0,0,0,2250.855274,0,0,1561.072161,1828.364997,0,0,0,0,0,0,3,1,3,0,3,0,-1,-1,-1,2,-1,-1,0,0,1,-1,-1,-1,-1,-1,1,194.37633
100,88.8,47.8,70.5,0,3341.256261,0,2107.256663,2294.287672,1965.764293,3273.393074,0,0,2267.89815,0,0,2277.500586,0,0,0,0,0,0,0,3,1,2,0,3,0,1,-1,-1,2,-1,-1,0,2,-1,-1,-1,-1,-1,-1,0.9,-42528377739
100,100,45.2,34.9,1739.502423,3284.936823,0,1680.607947,0,1566.76063,3270.653317,0,0,2231.066468,0,0,1634.614089,0,0,0,0,0,0,0,0,1,-1,0,3,0,1,-1,-1,2,-1,-1,0,-1,-1,-1,-1,-1,-1,-1,0.625,197.282846
87.2,82,99.9,3.7,0,0,3182.616084,2279.872363,0,0,2623.363736,0,0,3219.615185,0,0,0,0,0,0,0,0,0,0,3,1,2,0,-1,3,1,-1,-1,2,-1,-1,3,-1,-1,-1,-1,-1,-1,-1,0.875,-47844425949
46.4,94.9,100,0.2,3297.617424,0,3245.672706,2254.508967,0,0,3330.649848,0,0,3287.269654,0,0,0,0,0,0,0,0,0,0,1,-1,2,0,-1,-1,1,-1,-1,2,-1,-1,-1,-1,-1,-1,-1,-1,-1,-1,0.2,0
8.4,54.8,100,99.2,2520.595275,1846.64928,1654.700122,0,3259.875392,3233.38612,0,0,0,2191.098543,0,0,0,0,0,0,0,0,0,0,1,2,2,3,3,3,1,-1,-1,2,-1,-1,-1,-1,-1,-1,-1,-1,-1,-1,1,-31896284167
0.4,85.8,100,88.9,1516.2155,2353.731709,1561.809161,2610.747358,0,0,1682.888473,1633.330166,1557.802542,2470.80388,0,0,0,0,0,0,0,0,0,0,1,2,2,3,3,0,1,1,1,2,-1,-1,-1,-1,-1,-1,-1,-1,-1,-1,0.8,-31896284221
1.1,99.9,52,47,0,0,0,2460.035581,2134.268764,0,1559.397345,1652.403874,1654.070704,2248.720007,0,0,0,0,0,0,0,0,0,0,0,0,0,3,1,-1,1,1,1,2,-1,-1,-1,-1,-1,-1,-1,-1,-1,-1,0.777777778,-63792569131
0.2,99.2,98,45.9,3227.634889,0,0,0,3271.026873,0,0,3273.437259,0,3190.87034,0,0,0,0,0,0,0,0,0,0,2,-1,-1,3,1,-1,3,1,3,2,-1,-1,-1,-1,-1,-1,-1,-1,-1,-1,0.571428571,-42528379639
0.6,99.8,100,45.3,0,2288.198351,1674.297382,1537.135114,3199.833729,0,0,3289.322426,0,1795.468707,0,0,0,0,0,0,0,0,0,0,0,3,2,2,1,-1,-1,1,-1,2,-1,-1,-1,-1,-1,-1,-1,-1,-1,-1,0.571428571,-63792569898
43.7,99.5,29.4,4.5,2021.588292,0,0,0,3255.8273,3315.156002,0,0,0,0,0,0,0,0,0,0,0,0,0,0,0,0,3,0,1,1,-1,0,-1,0,-1,-1,-1,-1,-1,-1,-1,-1,-1,-1,0.875,-63792570299
46.3,100,0.2,0.2,0,2672.013747,0,0,1893.166364,2248.648429,0,0,0,0,0,0,0,0,0,0,0,0,0,0,0,1,-1,-1,1,1,-1,-1,-1,-1,-1,-1,-1,-1,-1,-1,-1,-1,-1,-1,-0.25,271.580183
0.5,50.7,50.4,51.6,2011.234938,0,1990.440674,2602.678625,0,0,0,0,0,0,0,0,0,0,0,0,0,0,0,0,3,3,2,1,0,3,-1,-1,-1,-1,-1,-1,-1,-1,-1,-1,-1,-1,-1,-1,0.833333333,-63792570992
2,1.9,2.3,48.1,0,2270.408096,0,0,0,0,0,0,0,0,0,0,0,0,0,0,0,0,0,0,0,3,0,0,-1,-1,-1,-1,-1,-1,-1,-1,-1,-1,-1,-1,-1,-1,-1,-1,0.25,-63792571300
50.3,46.6,0.2,51.7,2017.822708,0,2279.361454,2251.311478,0,0,0,0,0,0,0,0,0,0,0,0,0,0,0,0,0,0,3,1,-1,-1,-1,-1,-1,-1,-1,-1,-1,-1,-1,-1,-1,-1,-1,-1,0.25,-63792571616
54.1,98.1,0.2,45.3,0,3353.464095,2240.239387,3241.948592,1993.338277,0,0,0,0,0,0,0,0,0,0,0,0,0,0,0,1,1,3,1,0,-1,-1,-1,-1,-1,-1,-1,-1,-1,-1,-1,-1,-1,-1,-1,0.8,-63792571968
54.9,100,0.9,45.3,2259.241916,1823.963149,2232.72676,2444.393011,0,2180.307155,0,0,0,0,0,0,0,0,0,0,0,0,0,0,1,1,3,1,2,0,-1,-1,-1,-1,-1,-1,-1,-1,-1,-1,-1,-1,-1,-1,0.833333333,-63792572340
42.5,100,0.4,45.9,0,3308.548458,2296.30974,3075.270936,2279.97456,0,0,0,0,0,0,0,0,0,0,0,0,0,0,0,2,1,3,1,0,3,-1,-1,-1,-1,-1,-1,-1,-1,-1,-1,-1,-1,-1,-1,0.833333333,-63792573242
48.1,100,48.9,16.5,2007.626925,3285.601975,0,3248.069044,2311.11349,0,0,0,0,0,0,0,0,0,0,0,0,0,0,0,2,1,3,1,0,-1,-1,-1,-1,-1,-1,-1,-1,-1,-1,-1,-1,-1,-1,-1,0.6,85.749423
47.3,99.9,55.5,0.9,0,1981.247225,2093.587157,1946.195176,2292.909776,0,0,0,0,0,0,0,0,0,0,0,0,0,0,0,3,1,2,1,0,-1,-1,-1,-1,-1,-1,-1,-1,-1,-1,-1,-1,-1,-1,-1,0.8,-63792573394
48.9,99.9,0.5,0.3,3229.565094,0,0,3374.798477,2295.593897,0,0,0,0,0,0,0,0,0,0,0,0,0,0,0,1,0,2,1,0,-1,-1,-1,-1,-1,-1,-1,-1,-1,-1,-1,-1,-1,-1,-1,0.8,-31896286892
5.6,99.9,1,51.5,3205.638759,3111.612022,2001.407166,0,0,0,0,0,0,0,0,0,0,0,0,0,0,0,0,0,1,1,3,2,3,-1,-1,-1,-1,-1,-1,-1,-1,-1,-1,-1,-1,-1,-1,-1,0.6,-63792574082
0.2,100,0.2,32.8,2212.621267,2358.102388,0,1982.041797,0,0,0,0,0,0,0,0,0,0,0,0,0,0,0,0,1,1,3,1,-1,-1,-1,-1,-1,-1,-1,-1,-1,-1,-1,-1,-1,-1,-1,-1,0.5,173.813423
0.2,100,99.8,47.3,1921.304075,2281.821739,2299.085586,2451.815872,1982.564836,1993.377189,0,0,0,0,0,0,0,0,0,0,0,0,0,0,1,1,3,1,2,2,-1,-1,-1,-1,-1,-1,-1,-1,-1,-1,-1,-1,-1,-1,0.833333333,0
0.2,100,8.8,61.7,1566.542894,1273.353809,2325.17468,1462.325618,0,0,1314.373067,1311.419707,0,0,0,0,0,0,0,0,0,0,0,0,1,1,3,1,3,3,1,1,-1,-1,-1,-1,-1,-1,-1,-1,-1,-1,-1,-1,1,-63792575260
0.2,68.5,3.7,99.4,0,0,3224.833692,0,3291.629477,0,0,0,0,0,0,0,0,0,0,0,0,0,0,0,1,2,3,2,3,-1,3,3,-1,-1,-1,-1,-1,-1,-1,-1,-1,-1,-1,-1,0.714285714,-51034060644
0.2,0.2,84.4,99.5,3245.400299,3322.289714,0,1986.477012,3153.237323,0,0,0,0,0,0,0,0,0,0,0,0,0,0,0,2,3,2,2,3,-1,-1,-1,-1,-1,-1,-1,-1,-1,-1,-1,-1,-1,-1,-1,0,-63792576223
0.2,43.1,52.9,99.8,0,3141.610704,2304.220503,2272.291272,3141.344615,0,0,0,0,0,0,0,0,0,0,0,0,0,0,0,1,3,1,2,3,-1,-1,-1,-1,-1,-1,-1,-1,-1,-1,-1,-1,-1,-1,-1,0.8,-63792576563
3.8,77.1,45.5,99.9,2285.924306,3342.750808,0,2245.994324,3183.630563,0,0,0,0,0,0,0,0,0,0,0,0,0,0,0,1,3,0,2,3,-1,-1,-1,-1,-1,-1,-1,-1,-1,-1,-1,-1,-1,-1,-1,0.8,-63792576897
0.7,45.3,50.6,10.5,2256.628912,0,2536.562401,0,0,0,0,0,0,0,0,0,0,0,0,0,0,0,0,0,1,0,2,2,3,-1,-1,-1,-1,-1,-1,-1,-1,-1,-1,-1,-1,-1,-1,-1,0.8,-21264192398
1.1,4.7,47.9,0.6,0,2014.460893,0,0,0,0,0,0,0,0,0,0,0,0,0,0,0,0,0,0,0,2,3,-1,-1,-1,-1,-1,-1,-1,-1,-1,-1,-1,-1,-1,-1,-1,-1,-1,0,-63792577564
1,0.3,52.2,50.9,2647.277755,0,2273.950007,0,0,0,0,0,0,0,0,0,0,0,0,0,0,0,0,0,2,0,3,-1,-1,-1,-1,-1,-1,-1,-1,-1,-1,-1,-1,-1,-1,-1,-1,-1,0.333333333,-63792577868
95,0.8,48.1,50.4,2649.817099,1976.751636,0,1999.198661,2290.795024,0,0,0,0,0,0,0,0,0,0,0,0,0,0,0,2,0,1,0,3,-1,-1,-1,-1,-1,-1,-1,-1,-1,-1,-1,-1,-1,-1,-1,0.8,-63792578199
98.6,48.9,98.5,99.9,3308.1206,0,3275.914295,0,3349.552727,1963.613507,2004.541116,2007.077114,3331.524696,0,0,0,0,0,0,0,0,0,0,0,2,1,2,2,3,0,1,0,3,-1,-1,-1,-1,-1,-1,-1,-1,-1,-1,-1,0.888888889,-63792578547
99.8,35.3,83.6,100,0,1972.411881,2279.903056,0,3248.597304,0,0,2003.866311,3273.207671,0,0,0,0,0,0,0,0,0,0,0,2,0,2,-1,3,0,1,0,3,-1,-1,-1,-1,-1,-1,-1,-1,-1,-1,-1,0.75,125.937146
100,0.2,95.2,100,1960.151471,3463.192867,1971.397195,0,3208.12177,0,0,3268.0429,3265.585657,0,0,0,0,0,0,0,0,0,0,0,2,0,2,-1,3,-1,-1,0,3,-1,-1,-1,-1,-1,-1,-1,-1,-1,-1,-1,0.5,0
100,0.7,100,48.9,1609.394999,3303.010531,2093.037894,2073.708493,2275.348774,0,0,3329.173066,0,0,0,0,0,0,0,0,0,0,0,0,2,0,2,2,3,-1,-1,0,1,-1,-1,-1,-1,-1,-1,-1,-1,-1,-1,-1,1,-63792579705
100,0.3,100,41.8,0,1485.486887,3284.884463,3235.253823,0,1971.404541,0,1289.336135,0,0,0,0,0,0,0,0,0,0,0,0,1,0,2,2,3,0,-1,0,-1,-1,-1,-1,-1,-1,-1,-1,-1,-1,-1,-1,0.857142857,-31896289924
99.8,0.2,100,3.4,3338.136448,3342.258297,3275.138965,3276.319422,0,0,0,0,0,0,0,0,0,0,0,0,0,0,0,0,0,0,2,2,-1,3,-1,3,-1,-1,-1,-1,-1,-1,-1,-1,-1,-1,-1,-1,0.666666667,-63792580544
100,0.2,100,0.6,3338.136448,0,3302.891165,3151.258841,0,0,0,0,0,0,0,0,0,0,0,0,0,0,0,0,0,3,2,2,0,-1,-1,-1,-1,-1,-1,-1,-1,-1,-1,-1,-1,-1,-1,-1,0.6,-63792581232
54.8,0.6,53.4,1.5,0,2263.127185,0,0,2289.07666,0,0,0,0,0,0,0,0,0,0,0,0,0,0,0,3,2,3,1,0,-1,-1,-1,-1,-1,-1,-1,-1,-1,-1,-1,-1,-1,-1,-1,0.8,-63792581561
38.1,10.9,8.7,8.6,2004.530485,0,0,0,0,0,0,0,0,0,0,0,0,0,0,0,0,0,0,0,0,-1,-1,-1,-1,-1,-1,-1,-1,-1,-1,-1,-1,-1,-1,-1,-1,-1,-1,-1,1,0
51.9,54.2,51.2,0.2,0,1986.84507,2012.727294,2124.888908,0,0,0,0,0,0,0,0,0,0,0,0,0,0,0,0,2,2,0,1,-1,-1,-1,-1,-1,-1,-1,-1,-1,-1,-1,-1,-1,-1,-1,-1,1,-63792616639
99,65.5,96.1,0.2,2091.148753,0,1529.162472,0,1225.206567,2015.754105,1219.110996,0,0,0,0,0,0,0,0,0,0,0,0,0,2,2,0,1,0,1,0,-1,-1,-1,-1,-1,-1,-1,-1,-1,-1,-1,-1,-1,0.857142857,176.1605035
98.4,97.1,4.4,54.3,0,2214.875349,0,1994.706628,0,1999.24885,0,2000.774932,0,0,0,0,0,0,0,0,0,0,0,0,2,3,0,1,1,1,1,0,-1,-1,-1,-1,-1,-1,-1,-1,-1,-1,-1,-1,0.75,-31896308565
97.8,100,49.9,1.2,1507.591112,0,2014.08496,1402.046278,1628.390455,0,1384.542786,1186.272622,1107.751699,0,0,0,0,0,0,0,0,0,0,0,1,3,2,1,1,2,0,0,0,-1,-1,-1,-1,-1,-1,-1,-1,-1,-1,-1,0.555555556,-31896308824
61.7,100,50.5,53.6,1007.415212,2005.265363,1991.344589,984.198247,989.1898478,1002.89517,0,0,1998.133824,0,0,0,0,0,0,0,0,0,0,0,1,3,2,1,1,1,3,3,0,-1,-1,-1,-1,-1,-1,-1,-1,-1,-1,-1,0.777777778,-63792617953
87.8,58.7,99.1,99.9,0,1262.282131,1979.149946,0,0,0,1996.72063,1209.607742,0,2018.577368,2125.466269,1437.70815,0,0,0,0,0,0,0,0,0,3,2,2,0,0,2,3,0,1,0,3,-1,-1,-1,-1,-1,-1,-1,-1,0.833333333,-51034094564
25.2,97.2,100,100,1963.746736,0,1435.249203,1243.021675,0,0,1266.404975,2005.977573,0,1996.16065,0,1921.360211,0,0,0,0,0,0,0,0,1,3,2,2,-1,-1,2,3,-1,1,0,3,-1,-1,-1,-1,-1,-1,-1,-1,0.444444444,105.1657355
53.4,55.9,99,99.8,0,2000.57248,0,2018.591009,1980.663882,1995.944834,1985.205587,1956.248002,0,0,0,0,0,0,0,0,0,0,0,0,0,0,0,2,3,1,2,3,-1,0,-1,3,-1,-1,-1,-1,-1,-1,-1,-1,0.8,-47844464146
97.4,97.7,100,100,1014.210154,2002.572966,2006.666721,0,0,1982.645923,1991.676048,1099.702291,877.2311263,849.4215735,2003.925469,1987.525383,0,0,0,0,0,0,0,0,3,0,1,2,3,1,2,3,3,3,0,2,-1,-1,-1,-1,-1,-1,-1,-1,0.666666667,248.981396
99.9,63.6,100,100,538.1826407,0,1995.505599,485.7389375,475.411201,0,1984.866847,480.6447269,470.4256569,436.0134212,1979.789565,1971.864617,519.2036772,496.2675697,1955.18335,0,0,0,0,0,3,0,1,3,3,1,2,3,3,3,0,2,3,3,0,-1,-1,-1,-1,-1,0.866666667,126.7219505
64.3,8.7,82,99.9,0,2099.246038,0,536.134824,531.0580045,0,0,570.6439187,524.071159,502.9991552,0,0,631.1707755,566.4576624,0,0,0,0,0,0,1,2,1,3,3,-1,2,3,3,3,0,2,3,3,0,-1,-1,-1,-1,-1,0.857142857,-10632103258
0.7,48.5,51.3,99.6,2096.299549,0,867.682247,0,844.0092904,1147.787604,2144.050479,0,0,0,0,0,1045.781187,0,0,0,0,0,0,0,2,1,3,2,3,3,1,1,3,3,-1,-1,3,0,-1,-1,-1,-1,-1,-1,0.5,-42528413708
88.1,65.1,3.8,100,0,1985.274225,0,2125.595907,0,1006.437364,0,1988.59367,1000.520375,993.7930137,0,0,1005.573434,0,0,0,0,0,0,0,2,0,2,1,3,3,1,0,3,3,-1,-1,3,-1,-1,-1,-1,-1,-1,-1,0.454545455,-15948155145
100,97.4,48.4,100,2176.130071,2093.146188,2489.486423,0,1975.838304,3361.7323,1989.73314,2399.654632,0,3345.969915,1938.441333,0,0,0,0,0,0,0,0,0,1,0,1,1,1,3,2,0,2,3,0,-1,1,-1,-1,-1,-1,-1,-1,-1,0.666666667,-42528414168
100,100,96.5,100,2008.972796,1747.772142,2395.528133,1616.561996,1959.082955,3246.383989,3256.003999,1742.845119,3124.869738,3334.062313,1597.390336,0,0,0,0,0,0,0,0,0,1,0,1,0,1,3,2,0,2,3,0,-1,-1,-1,-1,-1,-1,-1,-1,-1,0.727272727,0
100,100,100,100,1600.637959,1263.65596,2464.439624,1354.559799,1976.400739,1712.830977,3260.486569,1365.51491,3280.155649,1742.773129,1185.06963,1601.395926,1600.263979,1202.499222,0,0,0,0,0,0,1,0,1,0,1,3,2,0,2,3,0,3,3,0,-1,-1,-1,-1,-1,-1,1,0
100,100,100,100,0,1263.65596,3139.373128,1354.559799,0,1464.924501,1665.074657,1365.51491,1545.764014,1694.183571,1185.06963,1594.965696,1382.868246,1202.499222,1606.453732,0,1649.128576,3194.723573,0,0,1,0,1,0,1,3,2,0,2,3,0,3,3,0,2,0,2,1,-1,-1,1,138.487215
100,100,100,100,0,1263.65596,2098.741996,1354.559799,0,1285.967722,1637.386798,1365.51491,1694.297804,1278.965007,1185.06963,1350.475829,1285.591456,1202.499222,1626.677434,0,1739.770908,1900.889404,1626.80279,2146.761731,0,0,1,0,0,3,2,0,2,3,0,3,3,0,2,0,2,1,3,1,0.9,0
100,100,100,100,0,1263.65596,2098.402966,1354.559799,0,0,1656.641218,1365.51491,1642.266671,1054.607996,1185.06963,1125.185486,855.4362357,1202.499222,1674.751614,0,1337.695492,2141.901837,1544.271384,1909.366823,3,0,1,0,3,3,2,0,2,3,0,3,3,0,2,0,2,1,3,1,1,-42528416905
100,100,100,100,2854.930636,1219.237282,0,1242.945883,1264.212328,1540.062806,1332.073231,1335.193277,1599.995914,1345.790804,1170.181981,1592.444134,1317.840211,1166.964747,1219.954098,0,1182.306366,1787.490856,1331.880534,2088.981314,1,0,1,0,3,2,2,0,2,3,0,3,3,0,2,2,2,1,3,1,0.869565217,-31896313173
100,100,100,100,3239.121299,1219.237282,1633.668398,1242.945883,2428.95519,1639.414665,1643.369061,1335.193277,1646.900038,0,1170.181981,2049.527461,0,1166.964747,0,0,0,3143.475776,2173.784291,0,1,0,2,0,3,2,2,0,2,3,0,3,3,0,2,0,2,1,3,1,0.916666667,-78.419436
100,100,100,100,3177.157369,1219.237282,1448.012397,1242.945883,1150.364781,1234.921006,1227.757256,1335.193277,1378.716534,0,1170.181981,1141.370638,1063.318357,1166.964747,1281.926607,0,1355.189219,3152.740083,0,1359.515245,1,0,2,0,3,2,2,0,2,0,0,3,3,0,3,0,3,1,3,2,0.782608696,89.130642
100,75.1,100,100,2241.86223,1162.499825,1299.529825,1286.966473,1181.437181,1355.777943,1264.714109,1208.588435,1320.887681,0,0,1205.826538,1271.376173,1300.221307,1024.518268,0,1383.575704,0,1313.066824,1423.60592,1,0,2,0,3,2,2,0,2,1,0,3,3,0,3,2,3,1,0,2,0.958333333,-31896314517
100,77.3,100,100,0,1162.499825,1133.053786,1286.966473,1187.54997,1188.247894,1047.252299,1208.588435,1082.954309,3244.463642,3170.204245,1467.007156,1427.212156,1300.221307,1320.462799,1109.189127,1344.656555,0,1313.066824,1051.120648,1,0,2,0,3,2,2,0,2,1,1,3,3,0,3,2,3,0,0,2,0.833333333,-109.70526
100,99.9,100,100,0,1162.499825,1133.053786,1286.966473,1324.886805,1188.247894,1047.252299,1208.588435,1082.954309,3239.879571,3180.491252,1646.211806,1265.942169,1300.221307,1505.812707,1109.189127,1330.066488,0,1313.066824,1051.120648,0,0,2,0,3,2,2,0,2,1,1,3,3,0,3,2,3,2,0,2,0.964285714,0
100,58.1,100,100,0,1213.126749,1133.053786,1227.465262,1648.708796,1188.247894,1047.252299,1145.591132,1082.954309,2210.981135,0,1122.700284,0,985.0853955,1564.402748,1109.189127,1309.350886,0,1281.30536,1051.120648,2,0,2,0,3,2,2,0,2,1,1,3,3,0,3,2,3,2,0,2,1,-97.6652495
100,35.7,100,100,0,0,1133.053786,1889.373735,0,1188.247894,1047.252299,0,1082.954309,0,2241.728998,1954.571943,1984.70392,2245.380643,2227.436878,1109.189127,2170.075568,0,0,1051.120648,2,0,2,0,1,2,2,0,2,1,1,3,0,0,3,2,3,2,1,2,0.941176471,-25517053460
100,46,100,100,0,1619.757798,1133.053786,1617.347435,0,1188.247894,1047.252299,0,1082.954309,0,2216.168548,1181.277429,1591.615327,1616.209987,1595.323262,1109.189127,1740.747357,0,1566.067724,1051.120648,2,3,2,0,2,2,2,2,2,2,1,3,0,0,3,2,3,2,0,2,0.848484848,0
100,19.5,100,99.9,0,1574.46175,1133.053786,2192.365827,0,1188.247894,1047.252299,0,1082.954309,0,0,1623.271807,2442.483893,0,1602.880732,0,1568.363641,0,1863.178307,1051.120648,1,3,2,0,3,2,2,2,2,2,1,3,0,1,3,1,3,2,0,2,1,-51034108080
100,1.1,100,100,1443.391588,1303.381796,1133.053786,1836.272673,0,1188.247894,1047.252299,0,1082.954309,0,1850.391724,1366.814572,2722.083941,1094.625843,1459.428561,0,0,0,0,1051.120648,3,3,2,0,2,2,2,3,2,0,0,3,0,3,3,2,1,2,1,2,0.857142857,-63792635954
100,42.4,100,100,1104.908486,1041.51801,1133.053786,1619.067996,0,1188.247894,1047.252299,1983.541685,1082.954309,1619.335653,1585.188134,1078.078262,1584.189811,864.3300059,1184.824563,0,1112.327266,0,1988.966978,1051.120648,3,3,2,0,2,2,2,1,2,0,0,3,0,3,3,2,3,2,1,2,0.882352941,0
99.9,22.7,100,100,1261.119954,1536.873344,2403.843071,2925.269431,0,1843.433583,2172.342927,0,0,0,3063.361344,0,0,1219.75971,1366.55113,0,1312.214635,0,0,0,3,3,2,0,1,2,2,1,1,1,0,1,1,3,3,0,3,0,1,1,1,-57413374314
98.4,55.5,100,100,1626.589656,0,2403.843071,0,0,1843.433583,2172.342927,0,0,3140.565605,3169.474467,1674.908672,1637.033256,0,0,0,1688.12006,3245.033045,0,3143.512323,3,3,2,1,2,2,2,2,2,1,0,3,3,1,1,2,3,1,2,0,0.6875,-47844479107
83.8,98.3,100,100,1743.777089,2179.645281,2496.813624,1613.678497,0,2495.530486,0,0,0,0,0,1650.358694,1662.935467,2082.831137,1839.567394,0,0,2314.851043,0,2010.270387,3,2,2,3,0,2,2,1,0,1,0,3,3,0,0,0,1,1,3,0,0.875,-42528426646
100,81.6,100,100,0,1684.057615,1671.086665,1426.132357,0,1807.010114,0,1732.709491,1520.952813,1369.821444,1774.227822,1364.421338,1275.752581,2082.831137,1839.567394,0,1216.542566,1070.48689,1267.360425,2010.270387,3,2,2,3,0,2,0,1,1,3,2,3,3,0,0,0,1,1,3,0,0.666666667,-477.21889
100,100,100,100,1102.379181,3315.292369,0,1022.334898,0,0,0,1556.073023,1407.795997,1136.238227,3328.551933,1095.738711,1054.484126,2082.831137,1839.567394,0,1495.49134,1601.46826,1170.455779,2010.270387,3,2,2,3,0,2,0,1,1,3,2,3,3,0,0,0,1,1,3,0,0.966666667,-240.1597645
99.9,100,100,100,1102.379181,2062.655018,0,1022.334898,2565.375682,2304.022918,0,1464.168975,1753.592346,1136.238227,2540.920191,1095.738711,1054.484126,2412.470122,2290.817565,0,1157.616512,1718.717656,1170.455779,0,3,2,3,3,0,2,3,1,1,3,2,3,3,0,0,2,1,1,3,0,0.933333333,-31896321932
100,100,100,100,985.1970693,969.4988372,1134.646261,1057.847808,2913.798496,897.1454257,0,1272.846396,1208.423853,1176.986235,1123.821576,0,704.2620798,2243.015692,1768.287488,1708.573603,1213.986578,1337.774293,1020.425223,1334.72541,3,2,3,3,0,2,3,1,1,3,2,3,3,0,0,2,1,1,3,1,0.9375,-31896322499
100,100,100,100,985.1970693,1399.322333,1134.646261,1057.847808,3246.256384,1295.74517,1398.248638,1165.489424,1562.835443,1176.986235,1319.335346,0,704.2620798,3314.538501,0,1309.456913,1271.815499,1055.95669,1020.425223,1298.67002,3,2,3,3,0,2,2,1,1,3,2,3,3,0,0,2,1,1,3,1,0.942857143,-293.509281
100,100,100,100,985.1970693,1399.322333,1134.646261,1057.847808,3139.659226,1295.74517,1398.248638,2108.809017,0,1176.986235,1319.335346,0,704.2620798,3258.542651,0,1309.456913,0,2199.93797,1020.425223,1959.032911,3,2,3,3,0,2,2,1,1,3,2,3,3,0,2,2,1,1,3,1,0.973684211,-698.530378
98.9,100,100,100,1572.506079,1399.322333,1831.568468,0,3276.39567,1295.74517,1398.248638,1598.813866,3090.37781,1590.786337,1319.335346,0,1634.625109,0,0,1309.456913,1650.347914,1762.799178,0,1526.099513,3,2,3,3,0,2,2,1,0,3,2,1,3,0,2,2,1,1,3,1,0.952380952,-15948162611
99.9,100,100,100,0,1399.322333,1863.666469,1490.349647,1580.79703,1295.74517,1398.248638,1573.116176,1545.372938,1621.667196,1319.335346,1560.974148,1684.848665,0,0,1309.456913,1610.438025,1589.500817,1724.538438,1651.132533,3,2,3,0,0,2,2,1,0,3,2,3,3,2,2,2,1,1,0,1,0.9,-702.225012
100,100,100,100,1143.825608,1399.322333,1932.7271,1178.211462,1488.258645,1295.74517,1398.248638,1611.403845,1207.498529,2342.350272,1319.335346,2072.822423,0,0,0,1309.456913,1498.575837,1602.218233,1099.471615,1592.75049,0,2,3,0,0,2,2,1,0,3,2,3,3,2,2,2,1,1,0,1,0.976744186,-165.412603
100,100,72.5,100,1287.19391,0,1855.485056,1443.120169,1221.812507,0,0,1409.614194,1119.87969,2403.127902,0,2035.129614,1233.119463,0,0,2252.105069,1118.8016,1301.911757,1538.070375,1202.278085,0,2,3,0,0,2,2,1,0,3,2,3,1,1,3,2,1,1,0,1,0.977272727,-21264217663
100,100,16.4,100,1287.19391,0,3282.466153,1443.120169,1221.812507,0,0,1409.614194,1119.87969,0,3361.994354,0,1233.119463,0,0,0,1118.8016,1301.911757,1538.070375,1202.278085,0,0,3,0,0,0,1,1,0,3,3,3,1,1,1,2,1,1,0,1,0.853658537,-338.2106293
99.9,100,16.7,100,0,0,3372.212988,1443.120169,0,0,1052.565858,1001.555039,1119.87969,0,3425.316654,0,1074.316268,0,1041.160225,0,1127.676286,909.3391576,1538.070375,0,2,0,3,0,2,0,1,1,0,0,3,0,1,0,1,2,1,1,0,2,0.923076923,-47844489776
100,100,48.8,100,0,0,1617.988438,1443.120169,1645.687118,0,1202.860375,1215.382761,1119.87969,0,1635.007397,0,1188.269246,0,1164.894469,2315.027847,0,1185.97539,1538.070375,1554.074679,0,2,3,0,3,0,1,1,0,0,3,2,1,3,1,2,1,1,0,3,0.9,-47844490428
100,100,90.9,100,0,2531.319644,1401.875249,1443.120169,0,0,1779.149576,1511.842252,1119.87969,0,1597.439286,1601.26755,0,2318.08686,1580.746969,2217.88814,0,1565.988183,1538.070375,1629.214055,0,2,3,0,2,0,1,1,0,0,3,3,2,2,1,2,0,1,0,3,0.891891892,-63792654814
100,100,100,100,0,2053.623276,1235.788179,1443.120169,0,0,1606.608091,1567.042003,1119.87969,0,1256.220818,1280.9166,1484.208388,2525.792231,1669.508103,2306.32975,0,1518.274182,1538.070375,1358.601378,0,2,3,0,0,3,1,1,0,0,3,3,3,2,1,2,0,1,0,3,0.948717949,-63792655958
100,100,100,100,0,1783.452455,1243.407572,0,3152.637476,1239.325813,1248.662419,1290.31838,0,3198.599824,1173.196664,1106.31845,1369.996849,2255.828876,1220.402828,2290.845026,0,1200.605093,0,1307.745066,1,2,3,0,0,1,1,1,0,0,3,3,3,2,1,2,1,1,0,3,0.977272727,-25517064302
84.8,100,100,100,2687.265741,1783.452455,1670.322049,0,3060.853905,893.1480516,1133.030016,910.590882,0,0,1686.278077,1646.806219,1645.56999,2255.828876,1047.606744,2290.845026,0,1056.962343,1078.977938,0,0,2,3,2,0,1,1,1,2,0,3,3,3,2,1,2,2,1,1,3,0.87804878,-182.1770475
72.2,100,100,100,1930.498857,0,999.0957415,0,0,1232.04915,1332.238973,1052.752032,0,2106.283697,1660.502073,1642.936953,1551.975266,2330.355932,1258.824097,2292.695242,2178.218281,0,1263.212717,1923.483695,0,2,3,3,0,1,1,1,1,0,3,3,3,2,1,2,2,1,1,0,0.954545455,-25517064010
100,100,100,100,1250.690029,1103.023433,1044.54323,1703.47758,922.8485589,1140.850809,722.6700015,779.292038,1487.177484,1386.704041,1100.940261,1120.646387,1112.856667,1833.264922,742.5637783,1700.20091,1658.77424,1172.664559,1225.048121,1309.181117,0,3,3,2,3,1,1,1,0,0,3,3,3,2,1,2,2,0,1,0,0.87804878,0
100,100,100,100,0,1058.750946,1163.062999,1609.697601,1082.354349,1091.105276,1247.914992,1758.702111,1410.309842,1648.867254,1151.006136,1152.026546,1133.017348,1696.96806,1198.097746,1654.553092,1664.5524,1646.118639,1105.667329,1612.759561,0,3,3,2,3,1,1,1,0,0,3,3,3,2,1,2,2,0,1,0,1,-553.63971
100,100,100,100,1065.251774,1006.636436,1122.136701,1543.501053,1073.151767,992.3966839,1070.906287,922.7251581,1647.341781,1502.965986,1083.595241,1099.050702,1147.649123,1659.391326,1177.411746,1636.632258,1626.912288,1631.826778,1053.616542,1646.192763,1,3,3,2,3,1,1,1,0,0,3,3,3,2,1,2,2,0,1,0,0.976190476,0
100,100,100,100,1038.244378,1081.688434,1124.688213,1776.077111,1106.811367,980.7875943,1056.370488,1134.011297,1558.568396,1577.273873,1116.116053,1033.788063,1110.263887,0,971.7321476,2274.02156,2176.844636,1927.63538,990.6036369,1684.430322,1,3,3,2,3,1,1,1,0,0,3,3,3,2,1,2,2,0,1,0,1,-517.442839
100,100,66.9,100,1256.119462,1081.688434,1124.688213,0,1106.811367,0,1319.459989,1249.520789,1990.690113,0,1116.116053,1033.788063,1110.263887,0,1198.624848,0,2284.812937,2321.133781,1282.022809,2203.811655,1,3,3,2,3,1,1,1,0,0,3,3,3,3,1,2,2,0,1,0,0.980392157,-510.0826805
100,100,51,100,986.7530067,3401.885271,0,1542.302284,0,1521.012083,998.6871581,1082.789348,0,1137.79904,0,0,3460.960684,0,1247.904155,1146.556066,2375.029472,1682.915351,0,1553.101587,1,3,3,0,2,0,1,1,0,1,2,2,3,0,1,1,2,0,2,0,0.918367347,-45566189521
100,100,96.9,100,986.7530067,3258.96585,3304.414856,584.4525598,3371.04978,532.2453359,998.6871581,1082.789348,0,1137.79904,913.9662027,886.03568,0,817.2196609,1247.904155,1146.556066,3373.130559,604.0666622,0,582.8324226,1,3,2,0,3,0,1,1,1,1,0,0,3,0,1,1,2,0,1,0,0.85106383,-129.33288
100,100,100,88.2,986.7530067,0,3349.815295,584.4525598,2264.200332,532.2453359,998.6871581,1082.789348,0,1137.79904,913.9662027,886.03568,0,817.2196609,1247.904155,1146.556066,3272.403456,604.0666622,0,582.8324226,1,3,2,0,3,0,1,1,1,1,0,0,0,0,1,1,2,0,1,0,0.979166667,124.786913
100,100,100,44.6,986.7530067,3361.486571,3396.38859,584.4525598,2277.020496,532.2453359,998.6871581,1082.789348,0,1137.79904,913.9662027,886.03568,0,817.2196609,1247.904155,1146.556066,0,604.0666622,0,582.8324226,1,2,2,0,3,0,1,1,1,1,0,0,0,0,1,1,2,0,1,0,0.980392157,-678.67826
100,100,52.6,45,986.7530067,0,0,584.4525598,2277.027353,532.2453359,998.6871581,1082.789348,0,1137.79904,913.9662027,886.03568,0,817.2196609,1247.904155,1146.556066,0,604.0666622,0,582.8324226,1,2,2,0,3,0,1,1,1,1,0,0,0,0,1,1,0,0,1,0,0.981132075,-78.442034
100,100,1.6,99.9,0,0,3404.509803,584.4525598,3420.426055,532.2453359,0,0,1448.376827,1592.660598,913.9662027,886.03568,0,817.2196609,0,1242.899384,0,604.0666622,1398.965832,582.8324226,2,0,3,0,3,0,1,1,1,1,0,0,0,0,2,1,2,0,1,0,0.964912281,-38275604207
100,100,0.3,100,0,0,1616.845967,584.4525598,1815.667643,532.2453359,1859.290069,1635.235732,1338.059015,1233.658305,913.9662027,886.03568,0,817.2196609,0,1251.324476,1344.27037,604.0666622,1222.733776,582.8324226,0,0,3,0,3,0,3,3,1,1,0,0,0,0,0,1,1,0,1,0,0.912280702,0
100,100,0.5,100,0,0,1650.17803,584.4525598,1739.400633,532.2453359,1645.986604,1599.242744,1530.848997,0,913.9662027,0,0,817.2196609,0,1587.866974,1515.261849,604.0666622,1397.390795,582.8324226,0,0,3,0,3,0,3,3,1,1,0,2,0,0,0,1,1,0,1,0,1,-31896336074
100,100,1.3,99.8,0,0,3236.000283,584.4525598,0,532.2453359,0,3245.095307,1530.848997,0,913.9662027,0,0,817.2196609,0,1587.866974,1515.261849,604.0666622,1397.390795,582.8324226,1,1,3,0,2,0,2,3,1,1,0,0,0,0,0,1,1,0,1,0,0.966101695,-63792673826
100,100,83.1,100,0,0,3335.561719,584.4525598,0,0,2004.093282,3262.083626,1648.654903,1557.119392,0,0,0,817.2196609,0,1591.847629,1517.210734,604.0666622,0,582.8324226,3,1,3,0,2,2,2,3,1,1,2,0,2,0,0,1,1,0,2,0,0.966666667,-63792674764
100,100,66,100,0,0,1369.509844,584.4525598,0,1854.733052,2292.725562,0,1648.654903,1557.119392,1936.407934,0,1598.719239,817.2196609,0,1591.847629,1517.210734,604.0666622,0,582.8324226,1,2,3,0,0,3,2,3,1,1,3,0,3,0,2,1,1,0,1,0,0.877192982,-21264225367
100,100,39.2,100,0,0,1694.058785,584.4525598,0,1714.356141,0,0,1648.654903,1557.119392,1790.03376,0,1637.832953,817.2196609,0,1591.847629,1517.210734,0,0,582.8324226,1,0,3,0,0,3,2,2,1,1,3,0,3,0,1,1,1,2,1,0,0.947368421,-21264225852
100,100,1.5,100,0,0,1132.973428,584.4525598,0,1525.080002,1278.305995,0,1648.654903,1557.119392,869.4543338,0,1272.74522,817.2196609,0,1591.847629,1517.210734,0,0,582.8324226,2,1,3,0,0,3,3,0,1,1,3,0,3,0,1,1,1,0,2,0,0.945454545,-63792678393
100,100,2.3,100,1991.384262,0,1188.916016,0,2062.924764,930.7199804,1453.901461,0,0,1929.716889,990.9976796,0,0,0,0,2127.670995,2152.861277,0,1477.895651,2282.140265,0,2,3,0,0,3,3,2,2,1,3,3,2,2,0,1,1,1,3,0,0.964912281,-63792679929
100,100,31,100,1350.01229,0,1188.916016,0,1085.397042,930.7199804,1453.901461,0,1236.699891,1929.716889,0,0,1344.14476,0,0,2127.670995,2152.861277,0,1477.895651,1361.099105,0,1,3,1,0,3,3,3,0,1,2,3,0,2,3,1,1,2,3,0,0.816326531,-21264227033
100,100,16,100,2180.692181,0,1741.685559,0,0,0,2103.638387,0,1952.285275,1929.716889,0,0,2181.095127,1881.42108,0,2127.670995,2152.861277,0,0,0,0,1,3,2,0,2,3,1,0,1,2,1,0,3,1,1,1,1,2,2,0.9375,-42528454600
99.9,100,25.7,100,2180.692181,0,0,1636.748707,1750.37425,0,1590.417643,0,1952.285275,1929.716889,0,0,0,1664.184823,0,0,2152.861277,0,0,0,0,1,2,3,3,2,3,0,0,1,0,1,2,3,0,2,1,1,0,1,0.872340426,-47844513124
83.6,100,87,100,0,0,1916.270573,1724.947164,1591.760683,2294.73484,1767.267582,0,2285.734198,2116.696724,0,0,2404.003639,1669.354698,0,1993.202345,1897.240243,0,0,0,2,0,2,3,3,2,3,0,0,1,3,3,2,3,0,1,1,2,1,0,0.916666667,-85056911728
27.4,100,100,100,0,1954.392393,0,1134.346494,1044.153505,2378.072159,687.7269026,0,0,2116.696724,1169.107549,1063.460507,1967.331006,639.2822131,0,1993.202345,1897.240243,0,2205.774503,0,1,2,2,3,3,2,3,1,0,1,3,3,2,3,1,1,1,1,0,1,0.780487805,-234.378312
71.6,100,100,100,0,2248.322204,0,1649.816414,1797.87227,0,0,0,3045.350561,2116.696724,0,1748.253402,3139.10765,1634.970381,0,1993.202345,1897.240243,0,3094.614632,0,2,2,1,3,3,2,0,1,0,1,0,3,2,3,3,1,1,1,0,3,0.954545455,-53160571882
66,100,99.9,100,0,0,0,1530.964275,0,2890.857361,1464.429796,0,0,2116.696724,0,1631.057226,3369.766169,1744.805313,3297.726066,1993.202345,1897.240243,0,0,3229.639956,1,2,1,3,3,0,3,2,0,1,1,3,2,3,2,1,1,1,0,0,0.853658537,-12758537718
100,100,99.9,100,0,1586.622134,0,1421.16561,1348.524117,1440.920125,1214.310425,0,1521.512949,2116.696724,0,1238.068322,3250.156468,1334.396669,3211.047319,1993.202345,1897.240243,0,0,1582.614602,1,0,1,3,3,0,3,1,0,1,1,3,2,3,2,1,1,1,1,0,0.875,0
99.9,100,55.3,100,0,1586.622134,0,2147.347997,1805.054498,1440.920125,2078.799402,0,1521.512949,2116.696724,0,0,2275.770139,0,0,1993.202345,1897.240243,0,0,1582.614602,2,0,2,3,3,0,3,0,0,1,1,3,2,3,2,1,1,3,0,0,1,-31896345526
100,100,91.2,100,0,0,0,0,2408.383436,1796.637613,1886.476902,0,2128.300833,2116.696724,0,2697.495897,0,2135.257277,2485.947044,1993.202345,1897.240243,2010.920177,0,2928.122969,1,2,1,3,3,0,3,3,0,1,2,2,2,2,3,1,1,2,0,0,0.860465116,-53160576061
100,100,100,100,0,0,0,0,2414.659896,1796.637613,2577.311917,0,2128.300833,2116.696724,0,2697.495897,0,2135.257277,2295.063061,1993.202345,1897.240243,2010.920177,0,2928.122969,1,0,1,0,3,0,3,2,0,1,2,2,2,2,3,1,1,2,1,0,0.853658537,0
100,100,100,100,0,0,0,0,3278.949018,0,3308.459324,0,3017.190574,2116.696724,0,1606.550998,1608.099006,1748.28167,0,1993.202345,1897.240243,1685.93845,0,3225.477362,2,2,1,2,3,0,3,0,0,1,1,2,2,2,3,1,1,2,1,0,1,-42528462953
100,100,100,100,1792.905721,2479.182771,0,0,0,0,0,0,3200.499555,2116.696724,0,1606.550998,1608.099006,1748.28167,1926.710067,1993.202345,1897.240243,1685.93845,0,3176.031378,3,3,0,1,3,2,3,1,0,1,0,2,2,2,3,1,1,2,2,0,0.85,-31896347483
32.5,100,100,100,1666.931925,1800.467814,2190.169236,0,0,0,1682.279752,0,0,2116.696724,0,1606.550998,1608.099006,1748.28167,1501.445237,1993.202345,1897.240243,1685.93845,0,0,3,3,0,1,1,2,3,1,0,1,1,2,2,2,3,1,1,2,2,0,0.902439024,-644.9497845
46.8,100,100,100,1566.051974,1822.584747,2270.061371,0,0,0,1757.280084,0,0,2116.696724,0,1606.550998,1608.099006,1748.28167,1635.034005,1993.202345,1897.240243,1685.93845,0,0,3,3,0,1,1,2,3,1,2,1,1,2,2,2,3,1,1,2,2,1,0.952380952,0
49.2,100,100,81.3,0,2268.684831,2346.585066,0,0,0,0,0,0,2116.696724,0,0,1608.099006,1748.28167,0,1993.202345,1897.240243,1685.93845,0,0,0,3,0,3,1,2,3,1,2,1,1,0,2,2,3,1,1,2,2,1,1,-38275619277
68.1,100,100,5,2500.7755,0,2277.041272,0,0,0,1393.738693,0,0,2116.696724,0,0,1608.099006,1748.28167,0,1993.202345,1897.240243,0,0,0,0,3,0,1,3,1,0,2,2,1,1,2,2,2,2,1,1,0,0,1,0.891304348,-47844525194
100,76.1,100,1.1,2500.7755,0,2277.041272,0,0,0,1393.738693,0,0,0,2229.524471,0,1608.099006,1748.28167,0,0,0,0,0,0,0,0,0,2,0,1,0,2,3,1,1,2,2,2,1,1,3,2,0,0,0.913043478,-42528470079
100,81.7,100,42.3,2500.7755,0,2277.041272,0,0,0,1393.738693,0,0,0,2229.524471,0,1608.099006,1748.28167,0,0,0,0,0,0,0,0,0,0,0,1,0,0,1,0,1,1,2,2,2,3,3,2,0,1,0.860465116,-498.212127
100,100,100,24.7,2500.7755,0,0,0,0,2142.089942,0,0,2420.441151,0,1466.832041,0,1608.099006,0,0,0,0,0,0,0,0,0,3,0,0,1,3,0,1,0,1,1,2,3,2,3,2,2,1,0,0.952380952,-54679460589
100,100,100,0.5,2500.7755,0,0,0,0,2142.089942,0,0,0,0,1466.832041,0,0,2127.527326,2222.423443,0,0,0,0,1549.584958,0,2,1,1,0,1,1,1,3,0,1,1,2,2,2,1,2,1,0,2,0.820512821,-63792708381
84.7,100,77.3,50.7,2500.7755,0,0,2004.477415,0,2142.089942,0,0,2297.162657,0,1466.832041,0,0,0,0,0,0,0,0,0,0,1,1,3,0,1,1,0,2,0,1,1,0,2,3,1,1,1,0,2,0.828571429,-21264236359
34.3,100,52.8,99.7,0,0,0,1247.378315,0,2142.089942,0,0,2269.980208,0,1466.832041,0,0,1571.161334,1392.008974,0,0,0,0,1701.088158,0,1,2,3,3,1,3,3,2,0,1,1,1,3,3,2,2,1,3,3,0.916666667,-49616554144
81.6,55.3,54.7,56.8,0,0,0,0,0,0,0,3074.047092,0,0,0,0,0,0,0,0,0,0,3168.7886,0,3,1,2,3,0,0,3,0,2,0,1,1,1,2,3,2,2,2,0,0,0.689655172,-21264239276
100,99.3,99.5,99.5,0,1663.70077,2551.262787,0,0,0,0,3074.047092,0,0,0,0,2517.782584,0,0,0,0,0,3168.7886,0,1,3,3,2,0,2,1,0,1,1,2,2,3,0,1,-1,-1,-1,0,-1,0,0
100,100,93.1,100,0,895.6882988,1046.450976,0,0,0,0,3074.047092,0,0,0,2263.784911,1076.159211,0,0,1176.30013,1123.195356,0,3168.7886,1031.971789,1,3,3,2,0,1,1,0,1,1,2,2,3,1,1,3,3,0,0,3,1,141.9827685
100,100,20.2,100,0,895.6882988,1046.450976,0,0,0,0,3074.047092,0,0,0,0,1076.159211,0,0,1176.30013,1123.195356,0,3168.7886,1031.971789,3,3,3,1,0,1,0,0,2,1,3,2,3,3,1,3,3,1,0,3,0.923076923,-31896359190
100,100,26.5,100,0,895.6882988,1046.450976,0,0,0,0,0,0,0,0,0,1076.159211,0,0,1176.30013,1123.195356,0,3033.464841,1031.971789,3,3,3,1,3,1,0,0,3,1,0,2,3,3,1,3,3,3,0,3,0.931034483,-31896359277
